Workbook

Sheet QUINTA-FEIRA 17-07 
A1: FIRE
A2: Saturação de Transporte
A3: PEDIDO | B3: FORNECEDOR | C3: CÓDIGO (IMS) | D3: DESENHO FIAT | E3: QME | F3: DENOMINAÇÃO | G3: QUANTIDADE SOLICITADA | H3: QUANTIDADE EMBALAGENS | I3: DATA DA COLETA | J3: DATA DA SOLICITAÇÃO | K3: HORÁRIO DA COLETA
A4: FIRE | B4: ALPINO SP | C4: 20419 | D4: 552540860 | E4: 525 | F4: TUBO RÍGIDO BOMBA D'AGUA | G4: 0 | H4: =+G4/E4 -> 0 | I4: =J4+1+1 -> 46120 | J4: =TODAY() -> 46118
A5: FIRE | B5: AUTOCAM -SP | C5: 19271 | D5: 552331860 | E5: 13800 | F5: TUCHO COMANDO DE VÁLVULAS | G5: 0 | H5: =+G5/E5 -> 0 | I5: =I4 -> 46120 | J5: =TODAY() -> 46118
A6: FIRE | B6: ALUDYNE - MG | C6: 29509 | D6: 552174870 | E6: 80 | F6: TAMPA DE VÁLVULA | G6: 0 | H6: =+G6/E6 -> 0 | I6: =I5 -> 46120 | J6: =TODAY() -> 46118
A7: FIRE | B7: ALUDYNE - SP | C7: 67200 | D7: 552322380 | E7: 1200 | F7: CONJUNTO MANCAIS CABEÇOTE | G7: 0 | H7: =+G7/E7 -> 0 | I7: =I6 -> 46120 | J7: =TODAY() -> 46118
A8: FIRE | B8: ALUDYNE - SP | C8: 67200 | D8: 552316530 | E8: 1200 | F8: CONJUNTO MANCAIS CABEÇOTE | G8: 0 | H8: =+G8/E8 -> 0 | I8: =I7 -> 46120 | J8: =TODAY() -> 46118
A9: FIRE | B9: ALUDYNE - SP | C9: 67200 | D9: 552654440 | E9: 420 | F9: CONJUNTO MANCAIS BLOCO | G9: 0 | H9: =+G9/E9 -> 0 | I9: =I8 -> 46120 | J9: =TODAY() -> 46118
A10: FIRE | B10: PROPULSION SOLUTIONS* | C10: 47104 | D10: 551812300 | E10: 120 | F10: POLIA CONDUZIDA EIXO MOTOR | G10: 0 | H10: =+G10/E10 -> 0 | I10: =I9 -> 46120 | J10: =TODAY() -> 46118
A11: FIRE | B11: PROPULSION SOLUTIONS* | C11: 47104 | D11: 551812330 | E11: 120 | F11: POLIA CONDUZIDA EIXO MOTOR - D | G11: 0 | H11: =+G11/E11 -> 0 | I11: =I10 -> 46120 | J11: =TODAY() -> 46118
A12: FIRE | B12: PROPULSION SOLUTIONS* | C12: 47104 | D12: 551812350 | E12: 120 | F12: POLIA CONDUZIDA EIXO MOTOR - A | G12: 0 | H12: =+G12/E12 -> 0 | I12: =I11 -> 46120 | J12: =TODAY() -> 46118
A13: FIRE | B13: PROPULSION SOLUTIONS* | C13: 47104 | D13: 551982470 | E13: 240 | F13: POLIA CONDUZIDA | G13: 0 | H13: =+G13/E13 -> 0 | I13: =I12 -> 46120 | J13: =TODAY() -> 46118
A14: FIRE | B14: LITENS - SP | C14: 47850 | D14: 552365200 | E14: 480 | F14: ROLAMENTO TENSOR CORREIA | G14: 0 | H14: =+G14/E14 -> 0 | I14: =I13 -> 46120 | J14: =TODAY() -> 46118
A15: FIRE | B15: LITENS - SP | C15: 47850 | D15: 552260560 | E15: 2000 | F15: ROLAMENTO TENSOR CORREIA | G15: 0 | H15: =+G15/E15 -> 0 | I15: =I14 -> 46120 | J15: =TODAY() -> 46118
A16: FIRE | B16: LITENS - SP | C16: 47850 | D16: 552002110 | E16: 480 | F16: ROLAMENTO TENSOR CORREIA | G16: 0 | H16: =+G16/E16 -> 0 | I16: =I15 -> 46120 | J16: =TODAY() -> 46118
... A92: TURBO | B92: MAGNETI MARELLI SISTEMAS AUTO* | C92: 1097 | D92: 463571360 | E92: 60 | F92: COLETOR ADMISSAO T4 PL8 MOTORES: 7816, 7817 e 7818 | G92: 1380 | H92: =+G92/E92 -> 23 | I92: =I91 -> 46120 | J92: =TODAY() -> 46118
A93: TURBO | B93: MAGNETI MARELLI SISTEMAS AUTO* | C93: 1099 | D93: 463559540 | E93: 500 | F93: SISTEMA DE INJEÇÃO | G93: 0 | H93: =+G93/E93 -> 0 | I93: =I90 -> 46120 | J93: =TODAY() -> 46118
A94: TURBO | B94: MAGNETI MARELLI SISTEMAS AUTO* | C94: 1100 | D94: 463559530 | E94: 500 | F94: SISTEMA DE INJEÇÃO | G94: 0 | H94: =+G94/E94 -> 0 | I94: =I93 -> 46120 | J94: =TODAY() -> 46118
A95: TURBO | B95: APTIV MANUFATURA E SERVI. DE * | C95: 37866 | D95: 463535560 | E95: 800 | F95: CHICOTE DE INJECAO ( BRIGLIA PSA ) T3 | G95: 800 | H95: =+G95/E95 -> 1 | I95: =I94 -> 46120 | J95: =TODAY() -> 46118
A96: TURBO | B96: APTIV MANUFATURA E SERVI. DE * | C96: 37866 | D96: 463518180 | E96: 60 | F96: CHICOTE INJEÇAO (PSA) T3 | G96: 420 | H96: =+G96/E96 -> 7 | I96: =I95 -> 46120 | J96: =TODAY() -> 46118
A97: TURBO | B97: APTIV MANUFATURA E SERVI. DE * | C97: 37866 | D97: 463480050 | E97: 800 | F97: CHICOTE DE INJECAO ( BRIGLIA ) T3 | G97: 0 | H97: =+G97/E97 -> 0 | I97: =I96 -> 46120 | J97: =TODAY() -> 46118
A98: TURBO | B98: APTIV MANUFATURA E SERVI. DE * | C98: 37866 | D98: 463479660 | E98: 60 | F98: CHICOTE INJEÇAO (PSA) T3 | G98: 0 | H98: =+G98/E98 -> 0 | I98: =I97 -> 46120 | J98: =TODAY() -> 46118
A99: TURBO | B99: APTIV MANUFATURA E SERVI. DE * | C99: 37866 | D99: 463542820 | E99: 60 | F99: CHICOTE DE INJECAO | G99: 0 | H99: =+G99/E99 -> 0 | I99: =I98 -> 46120 | J99: =TODAY() -> 46118
A100: TURBO | B100: APTIV MANUFATURA E SERVI. DE * | C100: 37866 | D100: 463465610 | E100: 800 | F100: CHICOTE DE INJECAO ( BRIGLIA ) T4 | G100: 800 | H100: =+G100/E100 -> 1 | I100: =I99 -> 46120 | J100: =TODAY() -> 46118
A101: TURBO | B101: APTIV MANUFATURA E SERVI. DE * | C101: 37866 | D101: 463564200 | E101: 60 | F101: CHICOTE SISTEMA INJECAO T3 | G101: 0 | H101: =+G101/E101 -> 0 | I101: =I100 -> 46120 | J101: =TODAY() -> 46118
A102: TURBO | B102: APTIV MANUFATURA E SERVI. DE * | C102: 37866 | D102: 463568700 | E102: 60 | F102: CHICOTE DE INJECAO ( BRIGLIA ) | G102: 120 | H102: =+G102/E102 -> 2 | I102: =I101 -> 46120 | J102: =TODAY() -> 46118
A103: TURBO | B103: APTIV MANUFATURA E SERVI. DE * | C103: 37866 | D103: 463450640 | E103: 60 | F103: CHICOTE DE INJECAO (FLEX T4) | G103: 120 | H103: =+G103/E103 -> 2 | I103: =I102 -> 46120 | J103: =TODAY() -> 46118
A104: TURBO | B104: APTIV MANUFATURA E SERVI. DE * | C104: 37866 | D104: 463497920 | E104: 60 | F104: CHICOTE SISTEMA INJECAO ( FLEX )T4 | G104: 0 | H104: =+G104/E104 -> 0 | I104: =I103 -> 46120 | J104: =TODAY() -> 46118
A105: TURBO | B105: APTIV MANUFATURA E SERVI. DE * | C105: 37866 | D105: 463563850 | E105: 60 | F105: CHICOTE SISTEMA INJECAO ( FLEX )T4 | G105: 420 | H105: =+G105/E105 -> 7 | I105: =I97 -> 46120 | J105: =TODAY() -> 46118
A106: TURBO | B106: APTIV MANUFATURA E SERVI. DE * | C106: 37866 | D106: 463564120 | E106: 60 | F106: CHICOTE DE INJECAO 281 T3 PL8 | G106: 120 | H106: =+G106/E106 -> 2 | I106: =I98 -> 46120 | J106: =TODAY() -> 46118
A107: TURBO | B107: APTIV MANUFATURA E SERVI. DE * | C107: 37866 | D107: 463577620 | E107: 60 | F107: CHICOTE DE INJECAO GSE T3 ACAC PL8 (CC21/CC22) | G107: 240 | H107: =+G107/E107 -> 4 | I107: =I99 -> 46120 | J107: =TODAY() -> 46118
A108: TURBO | B108: APTIV MANUFATURA E SERVI. DE * | C108: 37866 | D108: 463578580 | E108: 60 | F108: CHICOTE DE INJECAO T3 ACAC PL8 BSG (P21/P24) | G108: 0 | H108: =+G108/E108 -> 0 | I108: =I100 -> 46120 | J108: =TODAY() -> 46118
A109: TURBO | B109: APTIV MANUFATURA E SERVI. DE * | C109: 37866 | D109: 463576540 | E109: 60 | F109: CHICOTE DE INJECAO T4 376 PL8 | G109: 0 | H109: =+G109/E109 -> 0 | I109: =I101 -> 46120 | J109: =TODAY() -> 46118
A110: TURBO | B110: APTIV MANUFATURA E SERVI. DE * | C110: 37866 | D110: 463571180 | E110: 60 | F110: CHICOTE DE INJECAO T4 PL8 | G110: 960 | H110: =+G110/E110 -> 16 | I110: =I102 -> 46120 | J110: =TODAY() -> 46118
A111: TURBO | B111: CISER FIXADORES AUTOMOTIVOS S | C111: 27951 | D111: 463385060 | E111: 800 | F111: PARAFUSO BOMBA COMBUSTIVEL | G111: 5000 | H111: =+G111/E111 -> 6.25 | I111: =I103 -> 46120 | J111: =TODAY() -> 46118
A112: TURBO | B112: CISER FIXADORES AUTOMOTIVOS S | C112: 27951 | D112: 552821660 | E112: 600 | F112: PARAFUSO DE FIXACAO - M6 X 18 | G112: 5000 | H112: =+G112/E112 -> 8.3333333 | I112: =I104 -> 46120 | J112: =TODAY() -> 46118
A113: TURBO | B113: CISER FIXADORES AUTOMOTIVOS S | C113: 27951 | D113: 552822750 | E113: 300 | F113: PARAFUSO DE FIXACAO DA BOMBA D | G113: 5000 | H113: =+G113/E113 -> 16.666667 | I113: =I105 -> 46120 | J113: =TODAY() -> 46118
A114: TURBO | B114: CISER FIXADORES AUTOMOTIVOS S | C114: 27951 | D114: 552821670 | E114: 100 | F114: PARAFUSO ESPECIAL | G114: 5000 | H114: =+G114/E114 -> 50 | I114: =I106 -> 46120 | J114: =TODAY() -> 46118
A115: TURBO | B115: CISER FIXADORES AUTOMOTIVOS S | C115: 27951 | D115: 552845970 | E115: 600 | F115: PARAFUSO ESPECIAL | G115: 5000 | H115: =+G115/E115 -> 8.3333333 | I115: =I107 -> 46120 | J115: =TODAY() -> 46118
A116: TURBO | B116: CISER FIXADORES AUTOMOTIVOS S | C116: 27951 | D116: 552798810 | E116: 250 | F116: PARAFUSO ESPECIAL | G116: 5000 | H116: =+G116/E116 -> 20 | I116: =I108 -> 46120 | J116: =TODAY() -> 46118
... A148: TURBO | B148: CONTINENTAL SP | C148: 36019 | D148: 552821600 | E148: 300 | F148: PARAFUSO TE FLANGEADO M8X40 | G148: 0 | H148: =+G148/E148 -> 0 | I148: =I140 -> 46120 | J148: =TODAY() -> 46118
A149: TURBO | B149: MAHLE METAL LEVE S.A. * | C149: 51658 | D149: 463485610 | E149: 600 | F149: BRONZINA DE BIELA INFERIOR STD. B | G149: 0 | H149: =+G149/E149 -> 0 | I149: =I122 -> 46120 | J149: =TODAY() -> 46118
A150: TURBO | B150: MAHLE METAL LEVE S.A. * | C150: 51658 | D150: 463485620 | E150: 600 | F150: BRONZINA DE BIELA INFERIOR STD. B | G150: 12000 | H150: =+G150/E150 -> 20 | I150: =I123 -> 46120 | J150: =TODAY() -> 46118
A151: TURBO | B151: MAHLE METAL LEVE S.A. * | C151: 51658 | D151: 463485630 | E151: 600 | F151: BRONZINA DE BIELA INFERIOR STD. C | G151: 0 | H151: =+G151/E151 -> 0 | I151: =I124 -> 46120 | J151: =TODAY() -> 46118
A152: TURBO | B152: MAHLE METAL LEVE S.A. * | C152: 51658 | D152: 463485640 | E152: 600 | F152: BRONZINA DE BIELA SUPERIOR STD. A | G152: 0 | H152: =+G152/E152 -> 0 | I152: =I125 -> 46120 | J152: =TODAY() -> 46118
A153: TURBO | B153: MAHLE METAL LEVE S.A. * | C153: 51658 | D153: 463485650 | E153: 600 | F153: BRONZINA DE BIELA SUPERIOR STD. B | G153: 12000 | H153: =+G153/E153 -> 20 | I153: =I126 -> 46120 | J153: =TODAY() -> 46118
A154: TURBO | B154: MAHLE METAL LEVE S.A. * | C154: 51658 | D154: 463485660 | E154: 600 | F154: BRONZINA DE BIELA SUPERIOR STD. C | G154: 0 | H154: =+G154/E154 -> 0 | I154: =I127 -> 46120 | J154: =TODAY() -> 46118
A155: TURBO | B155: MAHLE METAL LEVE S.A. * | C155: 51658 | D155: 463485380 | E155: 400 | F155: BRONZINA INFERIOR STD. A | G155: 0 | H155: =+G155/E155 -> 0 | I155: =I128 -> 46120 | J155: =TODAY() -> 46118
A156: TURBO | B156: MAHLE METAL LEVE S.A. * | C156: 51658 | D156: 463485390 | E156: 400 | F156: BRONZINA INFERIOR STD. B | G156: 4000 | H156: =+G156/E156 -> 10 | I156: =I129 -> 46120 | J156: =TODAY() -> 46118
A157: TURBO | B157: MAHLE METAL LEVE S.A. * | C157: 51658 | D157: 463485400 | E157: 400 | F157: BRONZINA INFERIOR STD. C | G157: 0 | H157: =+G157/E157 -> 0 | I157: =I148 -> 46120 | J157: =TODAY() -> 46118
A158: TURBO | B158: MAHLE METAL LEVE S.A. * | C158: 51658 | D158: 463485440 | E158: 400 | F158: BRONZINA SUPERIOR STD. A | G158: 0 | H158: =+G158/E158 -> 0 | I158: =I150 -> 46120 | J158: =TODAY() -> 46118
A159: TURBO | B159: MAHLE METAL LEVE S.A. * | C159: 51658 | D159: 463485450 | E159: 400 | F159: BRONZINA SUPERIOR STD. B | G159: 0 | H159: =+G159/E159 -> 0 | I159: =I151 -> 46120 | J159: =TODAY() -> 46118
A160: TURBO | B160: MAHLE METAL LEVE S.A. * | C160: 51658 | D160: 463485460 | E160: 400 | F160: BRONZINA SUPERIOR STD. C | G160: 0 | H160: =+G160/E160 -> 0 | I160: =I152 -> 46120 | J160: =TODAY() -> 46118
A161: TURBO | B161: MAHLE METAL LEVE S.A. * | C161: 51659 | D161: 463563890 | E161: 400 | F161: BRONZINA INFERIOR STD. A | G161: 0 | H161: =+G161/E161 -> 0 | I161: =I153 -> 46120 | J161: =TODAY() -> 46118
A162: TURBO | B162: MAHLE METAL LEVE S.A. * | C162: 51660 | D162: 463563900 | E162: 400 | F162: BRONZINA INFERIOR STD. B | G162: 4000 | H162: =+G162/E162 -> 10 | I162: =I154 -> 46120 | J162: =TODAY() -> 46118
A163: TURBO | B163: MAHLE METAL LEVE S.A. * | C163: 51661 | D163: 463563910 | E163: 400 | F163: BRONZINA INFERIOR STD. C | G163: 0 | H163: =+G163/E163 -> 0 | I163: =I155 -> 46120 | J163: =TODAY() -> 46118
A164: TURBO | B164: MAHLE METAL LEVE S.A. * | C164: 51662 | D164: 463563950 | E164: 400 | F164: BRONZINA SUPERIOR STD. A | G164: 0 | H164: =+G164/E164 -> 0 | I164: =I156 -> 46120 | J164: =TODAY() -> 46118
A165: TURBO | B165: MAHLE METAL LEVE S.A. * | C165: 51663 | D165: 463563960 | E165: 400 | F165: BRONZINA SUPERIOR STD. B | G165: 4000 | H165: =+G165/E165 -> 10 | I165: =I157 -> 46120 | J165: =TODAY() -> 46118
A166: TURBO | B166: MAHLE METAL LEVE S.A. * | C166: 51664 | D166: 463563970 | E166: 400 | F166: BRONZINA SUPERIOR STD. C | G166: 0 | H166: =+G166/E166 -> 0 | I166: =I158 -> 46120 | J166: =TODAY() -> 46118
A167: TURBO | B167: MAHLE METAL LEVE S.A. * | C167: 51620 | D167: 463485280 | E167: 840 | F167: PISTAO COMPL. CLASSE A | G167: 0 | H167: =+G167/E167 -> 0 | I167: =I159 -> 46120 | J167: =TODAY() -> 46118
A168: TURBO | B168: MAHLE METAL LEVE S.A. * | C168: 51620 | D168: 463485300 | E168: 840 | F168: PISTAO COMPL. CLASSE B | G168: 5040 | H168: =+G168/E168 -> 6 | I168: =I160 -> 46120 | J168: =TODAY() -> 46118
A169: TURBO | B169: MAHLE METAL LEVE S.A. * | C169: 51620 | D169: 463485320 | E169: 840 | F169: PISTAO COMPL. CLASSE C | G169: 0 | H169: =+G169/E169 -> 0 | I169: =I161 -> 46120 | J169: =TODAY() -> 46118
... A205: TURBO | B205: NEMAK | C205: 1073 | D205: 463576288 | E205: 27 | F205: BLOCO MOTOR INFERIOR T3 | G205: 594 | H205: =+G205/E205 -> 22 | I205: =I197 -> 46120 | J205: =TODAY() -> 46118
A206: TURBO | B206: NEMAK | C206: 1073 | D206: 463576277 | E206: 36 | F206: CABECOTE MOTOR INFERIOR T3 | G206: 648 | H206: =+G206/E206 -> 18 | I206: =I205 -> 46120 | J206: =TODAY() -> 46118
A207: TURBO | B207: TEKSID DO BRASIL LTDA | C207: 1020 | D207: 463384927 | E207: 32 | F207: CABECOTE MOTOR INF.SEMI T3 | G207: 640 | H207: =+G207/E207 -> 20 | I207: =I206 -> 46120 | J207: =TODAY() -> 46118
A208: TURBO | B208: TEKSID DO BRASIL LTDA | C208: 1020 | D208: 463489077 | E208: 32 | F208: CABECOTE MOTOR INF.SEMI-USIN T | G208: 960 | H208: =+G208/E208 -> 30 | I208: =I207 -> 46120 | J208: =TODAY() -> 46118
A209: TURBO | B209: FEEDER INDUSTRIAL LTDA | C209: 11431 | D209: 463526240 | E209: 1600 | F209: TAMPA COM VARETA | G209: 0 | H209: =+G209/E209 -> 0 | I209: =I208 -> 46120 | J209: =TODAY() -> 46118
A210: TURBO | B210: FEEDER INDUSTRIAL LTDA | C210: 11431 | D210: 463496660 | E210: 800 | F210: TAMPA COM VARETA | G210: 0 | H210: =+G210/E210 -> 0 | I210: =I209 -> 46120 | J210: =TODAY() -> 46118
A211: TURBO | B211: FEEDER INDUSTRIAL LTDA | C211: 11431 | D211: 463492670 | E211: 800 | F211: TAMPA COM VARETA | G211: 1600 | H211: =+G211/E211 -> 2 | I211: =I210 -> 46120 | J211: =TODAY() -> 46118
A212: TURBO | B212: BORGWARNER BRASIL LTDA | C212: 14928 | D212: 463556950 | E212: 40 | F212: TURBO COMPRESSOR 281 | G212: 160 | H212: =+G212/E212 -> 4 | I212: =I211 -> 46120 | J212: =TODAY() -> 46118
A213: TURBO | B213: BORGWARNER BRASIL LTDA | C213: 14928 | D213: 463526220 | E213: 40 | F213: TURBO COMPRESSOR PSA | G213: 400 | H213: =+G213/E213 -> 10 | I213: =I212 -> 46120 | J213: =TODAY() -> 46118
A214: TURBO | B214: BORGWARNER BRASIL LTDA | C214: 14928 | D214: 463496630 | E214: 40 | F214: TURBO COMPRESSOR T3 | G214: 480 | H214: =+G214/E214 -> 12 | I214: =I213 -> 46120 | J214: =TODAY() -> 46118
A215: TURBO | B215: BORGWARNER BRASIL LTDA | C215: 14928 | D215: 463358702 | E215: 100 | F215: KIT CORRENTE 463358700/702 | G215: 1600 | H215: =+G215/E215 -> 16 | I215: =I214 -> 46120 | J215: =TODAY() -> 46118
A216: TURBO | B216: BORGWARNER BRASIL LTDA | C216: 14929 | D216: 463564010 | E216: 100 | F216: CONJUNTO CORRENTE DO SISTEMA | G216: 0 | H216: =+G216/E216 -> 0 | I216: =I215 -> 46120 | J216: =TODAY() -> 46118
A217: TURBO | B217: BORGWARNER BRASIL LTDA | C217: 14928 | D217: 463383610 | E217: 40 | F217: TURBO COMPRESSOR T4 | G217: 920 | H217: =+G217/E217 -> 23 | I217: =I216 -> 46120 | J217: =TODAY() -> 46118
... A368: FIRE | B368: CONTINENTAL SP | C368: 36019 | D368: 552589360 | E368: 230 | F368: PARAFUSO ESPECIAL | G368: 0 | H368: =+G368/E368 -> 0 | I368: =I367 -> 46120 | J368: =TODAY() -> 46118
A369: FIRE | B369: A. RAYMOND | C369: 30464 | D369: 76272340 | E369: 400 | F369: ABRACADEIRA FIX.TUBO DIAM. 14. - de acordo programa | G369: 0 | H369: =G369/E369 -> 0 | I369: =I368 -> 46120 | J369: =TODAY() -> 46118
A370: FIRE | B370: A. RAYMOND | C370: 30464 | D370: 463444260 | E370: 200 | F370: CONECTOR | G370: 10000 | H370: =G370/E370 -> 50 | I370: =I369 -> 46120 | J370: =TODAY() -> 46118
A371: FIRE | B371: ACUMENT BRASIL | C371: 19414 | D371: 552679400 | E371: 1500 | F371: DISCO SUPERIOR MOLA VALVULA | G371: 0 | H371: =G371/E371 -> 0 | I371: =I370 -> 46120 | J371: =TODAY() -> 46118
A372: FIRE | B372: ACUMENT BRASIL | C372: 19414 | D372: 463584330 | E372: 1500 | F372: DISCO SUPERIOR MOLA VALVULA | G372: 0 | H372: =G372/E372 -> 0 | I372: =I371 -> 46120 | J372: =TODAY() -> 46118
A373: FIRE | B373: ACUMENT BRASIL | C373: 19414 | D373: 552709810 | E373: 100 | F373: PARAFUSO ESPECIAL M10 X 1.5 FIXAÇÃO BED PLATE AO BLOCO (USINAGEM) | G373: 0 | H373: =G373/E373 -> 0 | I373: =I371 -> 46120 | J373: =TODAY() -> 46118
A374: FIRE | B374: ACUMENT BRASIL | C374: 19414 | D374: 552679990 | E374: 600 | F374: PARAFUSO ESPECIAL FIXAÇÃO BOBINA DE IGNIÇÃO | G374: 0 | H374: =G374/E374 -> 0 | I374: =I373 -> 46120 | J374: =TODAY() -> 46118
A375: FIRE | B375: ACUMENT BRASIL | C375: 19414 | D375: 552819860 | E375: 50 | F375: PARAFUSO ESPECIAL M10 X 1.5 FIXAÇÃO CABEÇOTE AO BLOCO (utiliza no indireto) | G375: 0 | H375: =G375/E375 -> 0 | I375: =I374 -> 46120 | J375: =TODAY() -> 46118
A376: FIRE | B376: ACUMENT BRASIL | C376: 19414 | D376: 552584580 | E376: 600 | F376: PARAFUSO ESPECIAL M8 X 1.25 (Fixação do Volante) (Firefly + Fire) | G376: 0 | H376: =G376/E376 -> 0 | I376: =I375 -> 46120 | J376: =TODAY() -> 46118
A377: FIRE | B377: ACUMENT BRASIL | C377: 19414 | D377: 552691000 | E377: 800 | F377: BUJAO CONICO FILETADO 18 X 1,5 (USINAGEM) | G377: 0 | H377: =G377/E377 -> 0 | I377: =I376 -> 46120 | J377: =TODAY() -> 46118
A378: FIRE | B378: ACUMENT BRASIL | C378: 19414 | D378: 187529240 | E378: 400 | F378: PARAFUSO FLANG.NORM. MONTAG (USINAGEM Bloc.) Nacionalização | G378: 0 | H378: =G378/E378 -> 0 | I378: =I377 -> 46120 | J378: =TODAY() -> 46118
A379: FIRE | B379: ACUMENT BRASIL | C379: 19414 | D379: 552836160 | E379: 800 | F379: PARAFUSO M6 X 40 FIXAÇÃO DO FRONT COVER AO BLOCO / BED / CABEÇOTE | G379: 0 | H379: =G379/E379 -> 0 | I379: =I378 -> 46120 | J379: =TODAY() -> 46118
A380: FIRE | B380: ACUMENT BRASIL | C380: 19414 | D380: 187505240 | E380: 1000 | F380: FIXAÇÃO DA BOMBA D'AGUA | G380: 0 | H380: =G380/E380 -> 0 | I380: =I379 -> 46120 | J380: =TODAY() -> 46118
A381: FIRE | B381: ACUMENT BRASIL | C381: 19414 | D381: 187517240 | E381: 1200 | F381: FIXAÇÃO DO CARTER TT | G381: 0 | H381: =G381/E381 -> 0 | I381: =I380 -> 46120 | J381: =TODAY() -> 46118
A382: FIRE | B382: ACUMENT BRASIL | C382: 19414 | D382: 463479880 | E382: 1000 | F382: PARAFUSO ESPECIAL | G382: 0 | H382: =G382/E382 -> 0 | I382: =I381 -> 46120 | J382: =TODAY() -> 46118
A383: FIRE | B383: ALPINO | C383: 20419 | D383: 552681860 | E383: 560 | F383: TUBO PESCADOR DE OLEO | G383: 1680 | H383: =G383/E383 -> 3 | I383: =I382 -> 46120 | J383: =TODAY() -> 46118
A384: FIRE | B384: ALPINO | C384: 20419 | D384: 552678480 | E384: 800 | F384: TUBO PESCADOR DE OLEO | G384: 800 | H384: =G384/E384 -> 1 | I384: =I383 -> 46120 | J384: =TODAY() -> 46118
A385: FIRE | B385: BONTAZ | C385: 32059 | D385: 552677450 | E385: 4500 | F385: PULVERIZADOR | G385: 9000 | H385: =G385/E385 -> 2 | I385: =I384 -> 46120 | J385: =TODAY() -> 46118
... A397: FIRE | B397: CONTINENTAL PARAFUSOS | C397: 36019 | D397: 552677410 | E397: 200 | F397: PARAFUSO ESPECIAL M8 X 80 TORX T45 FIXAÇÃO DO BED PLATE AO BLOCO | G397: 0 | H397: =G397/E397 -> 0 | I397: =I396 -> 46120 | J397: =TODAY() -> 46118
A398: FIRE | B398: CONTINENTAL PARAFUSOS | C398: 36019 | D398: 463535790 | E398: 700 | F398: PARAFUSO TCE M6X35 FIXAÇÃO DA TAMPA DA BOMBA D'AGUA | G398: 0 | H398: =G398/E398 -> 0 | I398: =I396 -> 46120 | J398: =TODAY() -> 46118
A399: FIRE | B399: CONTINENTAL PARAFUSOS | C399: 36019 | D399: 463589540 | E399: 150 | F399: PARAFUSO FLANGEADO | G399: 0 | H399: =G399/E399 -> 0 | I399: =I398 -> 46120 | J399: =TODAY() -> 46118
A400: FIRE | B400: CONTINENTAL PARAFUSOS | C400: 36019 | D400: 463586380 | E400: 3000 | F400: PINO DE CENTRAGEM ENTRE BLOCO E CABEÇOTE | G400: 0 | H400: =G400/E400 -> 0 | I400: =I399 -> 46120 | J400: =TODAY() -> 46118
A401: FIRE | B401: CONTINENTAL PARAFUSOS | C401: 36019 | D401: 552636100 | E401: 200 | F401: PRISIONEIRO 12 X 1,25 DO SUPORTE BARICÊNTRICO NO FRONT COVER | G401: 0 | H401: =G401/E401 -> 0 | I401: =I400 -> 46120 | J401: =TODAY() -> 46118
A402: FIRE | B402: CONTINENTAL PARAFUSOS | C402: 36019 | D402: 135435340 | E402: 900 | F402: PRISIONEIRO M8X16XGAMBO 25 FIXAÇÃO DO COLETOR DE ADMISSÃO | G402: 0 | H402: =G402/E402 -> 0 | I402: =I401 -> 46120 | J402: =TODAY() -> 46118
...

Sheet 18-02 QUA
A1: FIRE
A2: Saturação de Transporte
A3: PEDIDO | B3: FORNECEDOR | C3: CÓDIGO (IMS) | D3: DESENHO FIAT | E3: QME | F3: DENOMINAÇÃO | G3: QUANTIDADE SOLICITADA | H3: QUANTIDADE EMBALAGENS | I3: DATA DA COLETA | J3: DATA DA SOLICITAÇÃO | K3: HORÁRIO DA COLETA
A4: FIRE | B4: ALPINO SP | C4: 20419 | D4: 552540860 | E4: 525 | F4: TUBO RÍGIDO BOMBA D'AGUA | G4: 0 | H4: =+G4/E4 -> 0 | I4: 46071 | J4: 46070
A5: FIRE | B5: AUTOCAM -SP | C5: 19271 | D5: 552331860 | E5: 13800 | F5: TUCHO COMANDO DE VÁLVULAS | G5: 0 | H5: =+G5/E5 -> 0 | I5: 46071 | J5: 46070
A6: FIRE | B6: ALUDYNE - MG | C6: 29509 | D6: 552174870 | E6: 80 | F6: TAMPA DE VÁLVULA | G6: 0 | H6: =+G6/E6 -> 0 | I6: 46071 | J6: 46070
A7: FIRE | B7: ALUDYNE - SP | C7: 67200 | D7: 552322380 | E7: 1200 | F7: CONJUNTO MANCAIS CABEÇOTE | G7: 0 | H7: =+G7/E7 -> 0 | I7: 46071 | J7: 46070
A8: FIRE | B8: ALUDYNE - SP | C8: 67200 | D8: 552316530 | E8: 1200 | F8: CONJUNTO MANCAIS CABEÇOTE | G8: 0 | H8: =+G8/E8 -> 0 | I8: 46071 | J8: 46070
A9: FIRE | B9: ALUDYNE - SP | C9: 67200 | D9: 552654440 | E9: 420 | F9: CONJUNTO MANCAIS BLOCO | G9: 0 | H9: =+G9/E9 -> 0 | I9: 46071 | J9: 46070
A10: FIRE | B10: MUVIQ (PROPULSION/DAYCO) | C10: 47104 | D10: 551812300 | E10: 120 | F10: POLIA CONDUZIDA EIXO MOTOR | G10: 0 | H10: =+G10/E10 -> 0 | I10: 46071 | J10: 46070
A11: FIRE | B11: MUVIQ (PROPULSION/DAYCO) | C11: 47104 | D11: 551812330 | E11: 120 | F11: POLIA CONDUZIDA EIXO MOTOR - D | G11: 0 | H11: =+G11/E11 -> 0 | I11: 46071 | J11: 46070
A12: FIRE | B12: MUVIQ (PROPULSION/DAYCO) | C12: 47104 | D12: 551812350 | E12: 120 | F12: POLIA CONDUZIDA EIXO MOTOR - A | G12: 0 | H12: =+G12/E12 -> 0 | I12: 46071 | J12: 46070
A13: FIRE | B13: MUVIQ (PROPULSION/DAYCO) | C13: 47104 | D13: 551982470 | E13: 240 | F13: POLIA CONDUZIDA | G13: 0 | H13: =+G13/E13 -> 0 | I13: 46071 | J13: 46070
A14: FIRE | B14: LITENS - SP | C14: 47850 | D14: 552365200 | E14: 480 | F14: ROLAMENTO TENSOR CORREIA | G14: 0 | H14: =+G14/E14 -> 0 | I14: 46071 | J14: 46070
A15: FIRE | B15: LITENS - SP | C15: 47850 | D15: 552260560 | E15: 2000 | F15: ROLAMENTO TENSOR CORREIA | G15: 0 | H15: =+G15/E15 -> 0 | I15: 46071 | J15: 46070
... A184: TURBO | B184: MAHLE METAL LEVE S.A | C184: 15565 | D184: 463496640 | E184: 30 | F184: TAMPA CABECOTE MOTOR COMPLETA | G184: 0 | H184: =+G184/E184 -> 0 | I184: 46071 | J184: 46070
A185: TURBO | B185: ELRING KLINGER SP | C185: 31610 | D185: 463595330 | E185: 40 | F185: TAMPA DO CABEÇOTE T3 | G185: 0 | H185: 0 | I185: 46071 | J185: 46070
A186: TURBO | B186: ELRING KLINGER SP | C186: 31610 | D186: 552822380 | E186: 600 | F186: JUNTA METALOPLASTICA | G186: 0 | H186: =+G186/E186 -> 0 | I186: 46071 | J186: 46070
A187: TURBO | B187: ELRING KLINGER SP | C187: 31610 | D187: 463572030 | E187: 600 | F187: JUNTA CABECOTE MOTOR T3 | G187: 0 | H187: =+G187/E187 -> 0 | I187: 46071 | J187: 46070
A188: TURBO | B188: ELRING KLINGER SP | C188: 31610 | D188: 463572050 | E188: 600 | F188: JUNTA DA FLANGE COLETOR DESCARGA T3 | G188: 0 | H188: =+G188/E188 -> 0 | I188: 46071 | J188: 46070
A189: TURBO | B189: ELRING KLINGER SP | C189: 31610 | D189: 552823560 | E189: 600 | F189: JUNTA METALOPLASTICA T4 | G189: 1200 | H189: =+G189/E189 -> 2 | I189: 46071 | J189: 46070
A190: TURBO | B190: ELRING KLINGER SP | C190: 31610 | D190: 463572040 | E190: 600 | F190: JUNTA CABECOTE MOTOR T4 | G190: 1680 | H190: =+G190/E190 -> 2.8 | I190: 46071 | J190: 46070
A191: TURBO | B191: ELRING KLINGER SP | C191: 31610 | D191: 463595330 | E191: 600 | F191: JUNTA DA FLANGE COLETOR DESCARGA T4 | G191: 0 | H191: =+G191/E191 -> 0 | I191: 46071 | J191: 46070
A192: TURBO | B192: MUBEA DO BRASIL LTDA | C192: 50111 | D192: 552833910 | E192: 9000 | F192: MOLA PARA VALVULA | G192: 0 | H192: =+G192/E192 -> 0 | I192: 46071 | J192: 46070
A193: TURBO | B193: OMR - COMPONENTES AUTOMOTIVOS | C193: 56589 | D193: 463384907 | E193: 30 | F193: BLOCO MOTOR INFERIOR (BEDPLATE | G193: 900 | H193: =+G193/E193 -> 30 | I193: 46071 | J193: 46070
A194: TURBO | B194: OMR - COMPONENTES AUTOMOTIVOS | C194: 56589 | D194: 463384997 | E194: 30 | F194: BLOCO MOTOR INFERIOR T4 (BEDPL | G194: 0 | H194: =+G194/E194 -> 0 | I194: 46071 | J194: 46070
A195: TURBO | B195: METALKRAFT S/A SISTEMAS AUTOM | C195: 50050 | D195: 463529270 | E195: 432 | F195: CAPA MANCAL POSTERIOR DO CABEC | G195: 0 | H195: =+G195/E195 -> 0 | I195: 46071 | J195: 46070
A196: TURBO | B196: NEUMAYER TEKFOR AUTOMOTIVE BR | C196: 30467 | D196: 552806540 | E196: 1200 | F196: PORCA | G196: 0 | H196: =+G196/E196 -> 0 | I196: 46071 | J196: 46070
A197: TURBO | B197: NEUMAYER TEKFOR AUTOMOTIVE BR | C197: 30467 | D197: 463389730 | E197: 400 | F197: PRISIONEIRO | G197: 0 | H197: =+G197/E197 -> 0 | I197: 46071 | J197: 46070
... A647: MECA | B647: METALKRAFT | C647: 50050 | D647: 552807950 | E647: 360 | F647: ESPACADOR DE ALUMINIO | G647: 0 | H647: =+G647/E647 -> 0 | I647: 46071 | J647: 46070
A648: MECA | B648: METALKRAFT | C648: 50050 | D648: 552810000 | E648: 450 | F648: FLANGE DIFERENCIAL COMPLETA | G648: 3600 | H648: =+G648/E648 -> 8 | I648: 46071 | J648: 46070 | K648: 17:00h
A649: MECA | B649: METALKRAFT | C649: 50050 | D649: 552807960 | E649: 180 | F649: TAMPA CAIXA DE CAMBIO NP | G649: 0 | H649: =+G649/E649 -> 0 | I649: 46071 | J649: 46070
A650: MECA | B650: METALKRAFT | C650: 50050 | D650: 552512680 | E650: 1800 | F650: SUPORTE EM ALUMINIO P/FIX.COMA | G650: 3600 | H650: =+G650/E650 -> 2 | I650: 46071 | J650: 46070
A651: MECA | B651: METALKRAFT | C651: 50050 | D651: 552500530 | E651: 2400 | F651: SUPORTE EM ALUMINIO P/FIX.COMA | G651: 0 | H651: =+G651/E651 -> 0 | I651: 46071 | J651: 46070
A652: MECA | B652: METALKRAFT | C652: 50050 | D652: 552807970 | E652: 180 | F652: TAMPA CAIXA DE CAMBIO SHIFT | G652: 3600 | H652: =+G652/E652 -> 20 | I652: 46071 | J652: 46070 | K652: 17:00h
A653: MECA | B653: MIBA | C653: 51625 | D653: 463458000 | E653: 1800 | F653: CUBO 5A VELOCIDADE | G653: 3600 | H653: =+G653/E653 -> 2 | I653: 46071 | J653: 46070
A654: MECA | B654: MIBA | C654: 51625 | D654: 463457980 | E654: 1600 | F654: CUBO 1A/2A VELOCIDADE | G654: 3200 | H654: =+G654/E654 -> 2 | I654: 46071 | J654: 46070
A655: MECA | B655: MIBA | C655: 51625 | D655: 463457990 | E655: 1920 | F655: CUBO 3A/4A VELOCIDADE | G655: 3480 | H655: =+G655/E655 -> 1.8125 | I655: 46071 | J655: 46070
A656: MECA | B656: MUSASHI | C656: 13093 | D656: 552679890 | E656: 150 | F656: CONJ. CAIXA DIFERENCIAL | G656: 0 | H656: =+G656/E656 -> 0 | I656: 46071 | J656: 46070
A657: MECA | B657: NEUMAYER TEKFOR | C657: 30467 | D657: 552757120 | E657: 300 | F657: PORCA FIX.ENGR.5A VEL.SOBRE AR | G657: 6000 | H657: =+G657/E657 -> 20 | I657: 46071 | J657: 46070
A658: MECA | B658: NEUMAYER TEKFOR | C658: 30467 | D658: 77894039 | E658: 2880 | F658: Engr. Satelite (C513) | G658: 5760 | H658: =+G658/E658 -> 2 | I658: 46071 | J658: 46070
A659: MECA | B659: NEUMAYER TEKFOR | C659: 30467 | D659: 463458088 | E659: 1440 | F659: LUVA 3/4 | G659: 0 | H659: =+G659/E659 -> 0 | I659: 46071 | J659: 46070
A660: MECA | B660: PLASCAR | C660: 60644 | D660: 75742790 | E660: 400 | F660: DISTANCIADOR | G660: 0 | H660: =+G660/E660 -> 0 | I660: 46071 | J660: 46070
A661: MECA | B661: PLASCAR | C661: 60644 | D661: 464600430 | E661: 72 | F661: REPARO OLEO | G661: 0 | H661: =+G661/E661 -> 0 | I661: 46071 | J661: 46070
A662: MECA | B662: RCN | C662: 63192 | D662: 552044480 | E662: 45 | F662: GARFO COMANDO 5A VELOCIDADE | G662: 0 | H662: =+G662/E662 -> 0 | I662: 46071 | J662: 46070
A663: MECA | B663: RCN | C663: 63192 | D663: 552044490 | E663: 45 | F663: GARFO COMANDO 5A VELOCIDADE | G663: 0 | H663: =+G663/E663 -> 0 | I663: 46071 | J663: 46070
A664: MECA | B664: RIVETS | C664: 64641 | D664: 143253110 | E664: 350 | F664: BUJAO 22X1,5 CONICO | G664: 7000 | H664: =+G664/E664 -> 20 | I664: 46071 | J664: 46070
... A720: MECA | B720: OMR | C720: 56589 | D720: 463530718 | E720: 30 | F720: SUPORTE C513 GSE | G720: 1440 | H720: =+G720/E720 -> 48 | I720: 46071 | J720: 46070

Sheet Geral
A1: FIRE
A2: Saturação de Transporte
A3: PEDIDO | B3: FORNECEDOR | C3: CÓDIGO (IMS) | D3: DESENHO FIAT | E3: QME | F3: DENOMINAÇÃO | G3: QUANTIDADE SOLICITADA | H3: QUANTIDADE EMBALAGENS | I3: DATA DA COLETA | J3: DATA DA SOLICITAÇÃO | K3: HORÁRIO DA COLETA
A4: FIRE | B4: ALPINO SP | C4: 20419 | D4: 552540860 | E4: 525 | F4: TUBO RÍGIDO BOMBA D'AGUA | G4: 0 | H4: =+G4/E4 -> 0 | I4: =J4+1 -> 46119 | J4: =TODAY() -> 46118
A5: FIRE | B5: AUTOCAM -SP | C5: 19271 | D5: 552331860 | E5: 13800 | F5: TUCHO COMANDO DE VÁLVULAS | G5: 0 | H5: =+G5/E5 -> 0 | I5: =I4 -> 46119 | J5: =TODAY() -> 46118
A6: FIRE | B6: ALUDYNE - MG | C6: 29509 | D6: 552174870 | E6: 80 | F6: TAMPA DE VÁLVULA | G6: 0 | H6: =+G6/E6 -> 0 | I6: =I5 -> 46119 | J6: =TODAY() -> 46118
A7: FIRE | B7: ALUDYNE - SP | C7: 67200 | D7: 552322380 | E7: 1200 | F7: CONJUNTO MANCAIS CABEÇOTE | G7: 0 | H7: =+G7/E7 -> 0 | I7: =I6 -> 46119 | J7: =TODAY() -> 46118
A8: FIRE | B8: ALUDYNE - SP | C8: 67200 | D8: 552316530 | E8: 1200 | F8: CONJUNTO MANCAIS CABEÇOTE | G8: 0 | H8: =+G8/E8 -> 0 | I8: =I7 -> 46119 | J8: =TODAY() -> 46118
A9: FIRE | B9: ALUDYNE - SP | C9: 67200 | D9: 552654440 | E9: 420 | F9: CONJUNTO MANCAIS BLOCO | G9: 0 | H9: =+G9/E9 -> 0 | I9: =I8 -> 46119 | J9: =TODAY() -> 46118
A10: FIRE | B10: MUVIQ (PROPULSION/DAYCO) | C10: 47104 | D10: 551812300 | E10: 120 | F10: POLIA CONDUZIDA EIXO MOTOR | G10: 0 | H10: =+G10/E10 -> 0 | I10: =I9 -> 46119 | J10: =TODAY() -> 46118
A11: FIRE | B11: MUVIQ (PROPULSION/DAYCO) | C11: 47104 | D11: 551812330 | E11: 120 | F11: POLIA CONDUZIDA EIXO MOTOR - D | G11: 0 | H11: =+G11/E11 -> 0 | I11: =I10 -> 46119 | J11: =TODAY() -> 46118
A12: FIRE | B12: MUVIQ (PROPULSION/DAYCO) | C12: 47104 | D12: 551812350 | E12: 120 | F12: POLIA CONDUZIDA EIXO MOTOR - A | G12: 0 | H12: =+G12/E12 -> 0 | I12: =I11 -> 46119 | J12: =TODAY() -> 46118
A13: FIRE | B13: MUVIQ (PROPULSION/DAYCO) | C13: 47104 | D13: 551982470 | E13: 240 | F13: POLIA CONDUZIDA | G13: 0 | H13: =+G13/E13 -> 0 | I13: =I12 -> 46119 | J13: =TODAY() -> 46118
A14: FIRE | B14: LITENS - SP | C14: 47850 | D14: 552365200 | E14: 480 | F14: ROLAMENTO TENSOR CORREIA | G14: 2400 | H14: =+G14/E14 -> 5 | I14: =I13 -> 46119 | J14: =TODAY() -> 46118
A15: FIRE | B15: LITENS - SP | C15: 47850 | D15: 552260560 | E15: 2000 | F15: ROLAMENTO TENSOR CORREIA | G15: 2000 | H15: =+G15/E15 -> 1 | I15: =I14 -> 46119 | J15: =TODAY() -> 46118
A16: FIRE | B16: LITENS - SP | C16: 47850 | D16: 552002110 | E16: 480 | F16: ROLAMENTO TENSOR CORREIA | G16: 0 | H16: =+G16/E16 -> 0 | I16: =I15 -> 46119 | J16: =TODAY() -> 46118
... A102: TURBO | B102: APTIV MANUFATURA E SERVI. DE * | C102: 37866 | D102: 463563850 | E102: 60 | F102: CHICOTE SISTEMA INJECAO ( FLEX )T4 | G102: 0 | H102: =+G102/E102 -> 0 | I102: =I101 -> 46119 | J102: =TODAY() -> 46118
A103: TURBO | B103: APTIV MANUFATURA E SERVI. DE * | C103: 37866 | D103: 463564120 | E103: 60 | F103: CHICOTE DE INJECAO 281 T3 PL8 | G103: 0 | H103: =+G103/E103 -> 0 | I103: =I96 -> 46119 | J103: =TODAY() -> 46118
A104: TURBO | B104: APTIV MANUFATURA E SERVI. DE * | C104: 37866 | D104: 463577620 | E104: 60 | F104: CHICOTE DE INJECAO GSE T3 ACAC PL8 (CC21/CC22) | G104: 60 | H104: =+G104/E104 -> 1 | I104: =I97 -> 46119 | J104: =TODAY() -> 46118
A105: TURBO | B105: APTIV MANUFATURA E SERVI. DE * | C105: 37866 | D105: 463578580 | E105: 60 | F105: CHICOTE DE INJECAO T3 ACAC PL8 BSG (P21/P24) | G105: 0 | H105: =+G105/E105 -> 0 | I105: =I98 -> 46119 | J105: =TODAY() -> 46118
A106: TURBO | B106: APTIV MANUFATURA E SERVI. DE * | C106: 37866 | D106: 463603240 | E106: 60 | F106: CHICOTE DE INJECAO T4 - 7826 | G106: 0 | H106: =+G106/E106 -> 0 | I106: =I99 -> 46119 | J106: =TODAY() -> 46118
A107: TURBO | B107: APTIV MANUFATURA E SERVI. DE * | C107: 37866 | D107: 463576540 | E107: 60 | F107: CHICOTE DE INJECAO T4 376 PL8 | G107: 0 | H107: =+G107/E107 -> 0 | I107: =I99 -> 46119 | J107: =TODAY() -> 46118
A108: TURBO | B108: APTIV MANUFATURA E SERVI. DE * | C108: 37866 | D108: 463571180 | E108: 60 | F108: CHICOTE DE INJECAO T4 PL8 | G108: 1080 | H108: =+G108/E108 -> 18 | I108: =I100 -> 46119 | J108: =TODAY() -> 46118
A109: TURBO | B109: CISER FIXADORES AUTOMOTIVOS S | C109: 27951 | D109: 463385060 | E109: 800 | F109: PARAFUSO BOMBA COMBUSTIVEL | G109: 5000 | H109: =+G109/E109 -> 6.25 | I109: =I100 -> 46119 | J109: =TODAY() -> 46118
A110: TURBO | B110: CISER FIXADORES AUTOMOTIVOS S | C110: 27951 | D110: 552821660 | E110: 600 | F110: PARAFUSO DE FIXACAO - M6 X 18 | G110: 5000 | H110: =+G110/E110 -> 8.3333333 | I110: =I101 -> 46119 | J110: =TODAY() -> 46118
A111: TURBO | B111: CISER FIXADORES AUTOMOTIVOS S | C111: 27951 | D111: 552822750 | E111: 300 | F111: PARAFUSO DE FIXACAO DA BOMBA D | G111: 5000 | H111: =+G111/E111 -> 16.666667 | I111: =I102 -> 46119 | J111: =TODAY() -> 46118
A112: TURBO | B112: CISER FIXADORES AUTOMOTIVOS S | C112: 27951 | D112: 552821670 | E112: 100 | F112: PARAFUSO ESPECIAL | G112: 5000 | H112: =+G112/E112 -> 50 | I112: =I103 -> 46119 | J112: =TODAY() -> 46118
A113: TURBO | B113: CISER FIXADORES AUTOMOTIVOS S | C113: 27951 | D113: 552845970 | E113: 600 | F113: PARAFUSO ESPECIAL | G113: 5000 | H113: =+G113/E113 -> 8.3333333 | I113: =I104 -> 46119 | J113: =TODAY() -> 46118
A114: TURBO | B114: CISER FIXADORES AUTOMOTIVOS S | C114: 27951 | D114: 552798810 | E114: 250 | F114: PARAFUSO ESPECIAL | G114: 5000 | H114: =+G114/E114 -> 20 | I114: =I105 -> 46119 | J114: =TODAY() -> 46118
A115: TURBO | B115: CISER FIXADORES AUTOMOTIVOS S | C115: 27951 | D115: 552842340 | E115: 800 | F115: PARAFUSO ESPECIAL | G115: 5000 | H115: =+G115/E115 -> 6.25 | I115: =I107 -> 46119 | J115: =TODAY() -> 46118
A116: TURBO | B116: CISER FIXADORES AUTOMOTIVOS S | C116: 27951 | D116: 552822630 | E116: 600 | F116: PARAFUSO ESPECIAL | G116: 5000 | H116: =+G116/E116 -> 8.3333333 | I116: =I108 -> 46119 | J116: =TODAY() -> 46118
A117: TURBO | B117: CISER FIXADORES AUTOMOTIVOS S | C117: 27951 | D117: 552799020 | E117: 200 | F117: PARAFUSO ESPECIAL | G117: 5000 | H117: =+G117/E117 -> 25 | I117: =I109 -> 46119 | J117: =TODAY() -> 46118
A118: TURBO | B118: CISER FIXADORES AUTOMOTIVOS S | C118: 27951 | D118: 463369240 | E118: 500 | F118: PARAFUSO ESPECIAL | G118: 5000 | H118: =+G118/E118 -> 10 | I118: =I110 -> 46119 | J118: =TODAY() -> 46118
A119: TURBO | B119: CISER FIXADORES AUTOMOTIVOS S | C119: 27951 | D119: 463398780 | E119: 400 | F119: PARAFUSO ESPECIAL M6X46 | G119: 5000 | H119: =+G119/E119 -> 12.5 | I119: =I111 -> 46119 | J119: =TODAY() -> 46118
A120: TURBO | B120: CISER FIXADORES AUTOMOTIVOS S | C120: 27951 | D120: 552822620 | E120: 800 | F120: PARAFUSO FIXACAO BOMBA DE AGUA | G120: 5000 | H120: =+G120/E120 -> 6.25 | I120: =I112 -> 46119 | J120: =TODAY() -> 46118
A121: TURBO | B121: CISER FIXADORES AUTOMOTIVOS S | C121: 27951 | D121: 463473640 | E121: 500 | F121: PARAFUSO FIXACAO COLETOR | G121: 5000 | H121: =+G121/E121 -> 10 | I121: =I113 -> 46119 | J121: =TODAY() -> 46118
A122: TURBO | B122: CISER FIXADORES AUTOMOTIVOS S | C122: 27951 | D122: 552831540 | E122: 400 | F122: PARAFUSO FIXACAO M6 X 40 | G122: 5000 | H122: =+G122/E122 -> 12.5 | I122: =I114 -> 46119 | J122: =TODAY() -> 46118
A123: TURBO | B123: CISER FIXADORES AUTOMOTIVOS S | C123: 27951 | D123: 187517280 | E123: 400 | F123: PARAFUSO M6 X 37.5 | G123: 5000 | H123: =+G123/E123 -> 12.5 | I123: =I115 -> 46119 | J123: =TODAY() -> 46118
A124: TURBO | B124: CISER FIXADORES AUTOMOTIVOS S | C124: 27951 | D124: 552822460 | E124: 650 | F124: PARAFUSO M6X14 | G124: 5000 | H124: =+G124/E124 -> 7.6923077 | I124: =I116 -> 46119 | J124: =TODAY() -> 46118
A125: TURBO | B125: CISER FIXADORES AUTOMOTIVOS S | C125: 27951 | D125: 552821610 | E125: 150 | F125: PARAFUSO M8 X 80 | G125: 5000 | H125: =+G125/E125 -> 33.333333 | I125: =I117 -> 46119 | J125: =TODAY() -> 46118
A126: TURBO | B126: CISER FIXADORES AUTOMOTIVOS S | C126: 27951 | D126: 552842370 | E126: 400 | F126: PARAFUSO TE FLANGEADO M6X30 | G126: 5000 | H126: =+G126/E126 -> 12.5 | I126: =I118 -> 46119 | J126: =TODAY() -> 46118
A127: TURBO | B127: CISER FIXADORES AUTOMOTIVOS S | C127: 27951 | D127: 552821600 | E127: 300 | F127: PARAFUSO TE FLANGEADO M8X40 | G127: 5000 | H127: =+G127/E127 -> 16.666667 | I127: =I119 -> 46119 | J127: =TODAY() -> 46118
A128: TURBO | B128: CONTINENTAL SP | C128: 36019 | D128: 463375300 | E128: 1000 | F128: PARAFUSO ESPECIAL M6 X 22 | G128: 0 | H128: =+G128/E128 -> 0 | I128: =I119 -> 46119 | J128: =TODAY() -> 46118
A129: TURBO | B129: CONTINENTAL SP | C129: 36019 | D129: 463385060 | E129: 800 | F129: PARAFUSO BOMBA COMBUSTIVEL | G129: 0 | H129: =+G129/E129 -> 0 | I129: =I120 -> 46119 | J129: =TODAY() -> 46118
A130: TURBO | B130: CONTINENTAL SP | C130: 36019 | D130: 552821660 | E130: 600 | F130: PARAFUSO DE FIXACAO - M6 X 18 | G130: 0 | H130: =+G130/E130 -> 0 | I130: =I121 -> 46119 | J130: =TODAY() -> 46118
A131: TURBO | B131: CONTINENTAL SP | C131: 36019 | D131: 552822750 | E131: 300 | F131: PARAFUSO DE FIXACAO DA BOMBA D | G131: 0 | H131: =+G131/E131 -> 0 | I131: =I122 -> 46119 | J131: =TODAY() -> 46118
A132: TURBO | B132: CONTINENTAL SP | C132: 36019 | D132: 552821670 | E132: 100 | F132: PARAFUSO ESPECIAL | G132: 0 | H132: =+G132/E132 -> 0 | I132: =I123 -> 46119 | J132: =TODAY() -> 46118
A133: TURBO | B133: CONTINENTAL SP | C133: 36019 | D133: 552845970 | E133: 600 | F133: PARAFUSO ESPECIAL | G133: 0 | H133: =+G133/E133 -> 0 | I133: =I124 -> 46119 | J133: =TODAY() -> 46118
A134: TURBO | B134: CONTINENTAL SP | C134: 36019 | D134: 552798810 | E134: 250 | F134: PARAFUSO ESPECIAL | G134: 0 | H134: =+G134/E134 -> 0 | I134: =I125 -> 46119 | J134: =TODAY() -> 46118
A135: TURBO | B135: CONTINENTAL SP | C135: 36019 | D135: 552842340 | E135: 800 | F135: PARAFUSO ESPECIAL | G135: 0 | H135: =+G135/E135 -> 0 | I135: =I126 -> 46119 | J135: =TODAY() -> 46118
A136: TURBO | B136: CONTINENTAL SP | C136: 36019 | D136: 552822630 | E136: 600 | F136: PARAFUSO ESPECIAL | G136: 0 | H136: =+G136/E136 -> 0 | I136: =I127 -> 46119 | J136: =TODAY() -> 46118
A137: TURBO | B137: CONTINENTAL SP | C137: 36019 | D137: 552799020 | E137: 200 | F137: PARAFUSO ESPECIAL | G137: 0 | H137: =+G137/E137 -> 0 | I137: =I129 -> 46119 | J137: =TODAY() -> 46118
A138: TURBO | B138: CONTINENTAL SP | C138: 36019 | D138: 463369240 | E138: 500 | F138: PARAFUSO ESPECIAL | G138: 0 | H138: =+G138/E138 -> 0 | I138: =I130 -> 46119 | J138: =TODAY() -> 46118
A139: TURBO | B139: CONTINENTAL SP | C139: 36019 | D139: 463398780 | E139: 400 | F139: PARAFUSO ESPECIAL M6X46 | G139: 0 | H139: =+G139/E139 -> 0 | I139: =I131 -> 46119 | J139: =TODAY() -> 46118
A140: TURBO | B140: CONTINENTAL SP | C140: 36019 | D140: 552822620 | E140: 800 | F140: PARAFUSO FIXACAO BOMBA DE AGUA | G140: 6400 | H140: =+G140/E140 -> 8 | I140: =I132 -> 46119 | J140: =TODAY() -> 46118
A141: TURBO | B141: CONTINENTAL SP | C141: 36019 | D141: 463473640 | E141: 500 | F141: PARAFUSO FIXACAO COLETOR | G141: 0 | H141: =+G141/E141 -> 0 | I141: =I133 -> 46119 | J141: =TODAY() -> 46118
A142: TURBO | B142: CONTINENTAL SP | C142: 36019 | D142: 552831540 | E142: 400 | F142: PARAFUSO FIXACAO M6 X 40 | G142: 0 | H142: =+G142/E142 -> 0 | I142: =I134 -> 46119 | J142: =TODAY() -> 46118
A143: TURBO | B143: CONTINENTAL SP | C143: 36019 | D143: 187517280 | E143: 400 | F143: PARAFUSO M6 X 37.5 | G143: 0 | H143: =+G143/E143 -> 0 | I143: =I135 -> 46119 | J143: =TODAY() -> 46118
A144: TURBO | B144: CONTINENTAL SP | C144: 36019 | D144: 552822460 | E144: 650 | F144: PARAFUSO M6X14 | G144: 0 | H144: =+G144/E144 -> 0 | I144: =I136 -> 46119 | J144: =TODAY() -> 46118
A145: TURBO | B145: CONTINENTAL SP | C145: 36019 | D145: 552821610 | E145: 150 | F145: PARAFUSO M8 X 80 | G145: 0 | H145: =+G145/E145 -> 0 | I145: =I137 -> 46119 | J145: =TODAY() -> 46118
A146: TURBO | B146: CONTINENTAL SP | C146: 36019 | D146: 552842370 | E146: 400 | F146: PARAFUSO TE FLANGEADO M6X30 | G146: 0 | H146: =+G146/E146 -> 0 | I146: =I138 -> 46119 | J146: =TODAY() -> 46118
A147: TURBO | B147: CONTINENTAL SP | C147: 36019 | D147: 552821600 | E147: 300 | F147: PARAFUSO TE FLANGEADO M8X40 | G147: 16800 | H147: =+G147/E147 -> 56 | I147: =I139 -> 46119 | J147: =TODAY() -> 46118
A148: TURBO | B148: CONTINENTAL SP | C148: 36019 | D148: 463532640 | E148: 1100 | F148: TAMPAO CONICO M10 | G148: 0 | H148: =+G148/E148 -> 0 | I148: =I140 -> 46119 | J148: =TODAY() -> 46118
... A150: TURBO | B150: MAHLE METAL LEVE S.A | C150: 51658 | D150: 463485610 | E150: 600 | F150: BRONZINA DE BIELA STD. A | G150: 0 | H150: =+G150/E150 -> 0 | I150: =I142 -> 46119 | J150: =TODAY() -> 46118
A151: TURBO | B151: MAHLE METAL LEVE S.A | C151: 51658 | D151: 463485620 | E151: 600 | F151: BRONZINA DE BIELA STD. B | G151: 0 | H151: =+G151/E151 -> 0 | I151: =I121 -> 46119 | J151: =TODAY() -> 46118
A152: TURBO | B152: MAHLE METAL LEVE S.A | C152: 51658 | D152: 463485630 | E152: 600 | F152: BRONZINA DE BIELA STD. C | G152: 0 | H152: =+G152/E152 -> 0 | I152: =I122 -> 46119 | J152: =TODAY() -> 46118
A153: TURBO | B153: MAHLE METAL LEVE S.A | C153: 51658 | D153: 463485640 | E153: 600 | F153: BRONZINA DE BIELA SUPERIOR STD | G153: 0 | H153: =+G153/E153 -> 0 | I153: =I123 -> 46119 | J153: =TODAY() -> 46118
A154: TURBO | B154: MAHLE METAL LEVE S.A | C154: 51658 | D154: 463485650 | E154: 600 | F154: BRONZINA DE BIELA SUPERIOR STD | G154: 0 | H154: =+G154/E154 -> 0 | I154: =I124 -> 46119 | J154: =TODAY() -> 46118
A155: TURBO | B155: MAHLE METAL LEVE S.A | C155: 51658 | D155: 463485660 | E155: 600 | F155: BRONZINA DE BIELA SUPERIOR STD | G155: 0 | H155: =+G155/E155 -> 0 | I155: =I125 -> 46119 | J155: =TODAY() -> 46118
A156: TURBO | B156: MAHLE METAL LEVE S.A | C156: 51658 | D156: 463485380 | E156: 400 | F156: BRONZINA INFERIOR STD. A | G156: 0 | H156: =+G156/E156 -> 0 | I156: =I126 -> 46119 | J156: =TODAY() -> 46118
A157: TURBO | B157: MAHLE METAL LEVE S.A | C157: 51658 | D157: 463485390 | E157: 400 | F157: BRONZINA INFERIOR STD. B | G157: 8000 | H157: =+G157/E157 -> 20 | I157: =I127 -> 46119 | J157: =TODAY() -> 46118
A158: TURBO | B158: MAHLE METAL LEVE S.A | C158: 51658 | D158: 463485400 | E158: 400 | F158: BRONZINA INFERIOR STD. C | G158: 0 | H158: =+G158/E158 -> 0 | I158: =I129 -> 46119 | J158: =TODAY() -> 46118
A159: TURBO | B159: MAHLE METAL LEVE S.A | C159: 51658 | D159: 463485440 | E159: 400 | F159: BRONZINA SUPERIOR STD. A | G159: 0 | H159: =+G159/E159 -> 0 | I159: =I148 -> 46119 | J159: =TODAY() -> 46118
A160: TURBO | B160: MAHLE METAL LEVE S.A | C160: 51658 | D160: 463485450 | E160: 400 | F160: BRONZINA SUPERIOR STD. B | G160: 0 | H160: =+G160/E160 -> 0 | I160: =I152 -> 46119 | J160: =TODAY() -> 46118
A161: TURBO | B161: MAHLE METAL LEVE S.A | C161: 51658 | D161: 463485460 | E161: 400 | F161: BRONZINA SUPERIOR STD. C | G161: 0 | H161: =+G161/E161 -> 0 | I161: =I153 -> 46119 | J161: =TODAY() -> 46118
A162: TURBO | B162: MAHLE METAL LEVE S.A | C162: 51658 | D162: 463563890 | E162: 400 | F162: BRONZINA SUPERIOR STD. C | G162: 0 | H162: =+G162/E162 -> 0 | I162: =I154 -> 46119 | J162: =TODAY() -> 46118
A163: TURBO | B163: MAHLE METAL LEVE S.A | C163: 51658 | D163: 463563900 | E163: 400 | F163: BRONZINA SUPERIOR STD. C | G163: 0 | H163: =+G163/E163 -> 0 | I163: =I155 -> 46119 | J163: =TODAY() -> 46118
A164: TURBO | B164: MAHLE METAL LEVE S.A | C164: 51658 | D164: 463563910 | E164: 400 | F164: BRONZINA SUPERIOR STD. C | G164: 0 | H164: =+G164/E164 -> 0 | I164: =I156 -> 46119 | J164: =TODAY() -> 46118
A165: TURBO | B165: MAHLE METAL LEVE S.A | C165: 51658 | D165: 463563950 | E165: 400 | F165: BRONZINA SUPERIOR STD. C | G165: 8000 | H165: =+G165/E165 -> 20 | I165: =I157 -> 46119 | J165: =TODAY() -> 46118
A166: TURBO | B166: MAHLE METAL LEVE S.A | C166: 51658 | D166: 463563960 | E166: 400 | F166: BRONZINA SUPERIOR STD. C | G166: 0 | H166: =+G166/E166 -> 0 | I166: =I158 -> 46119 | J166: =TODAY() -> 46118
A167: TURBO | B167: MAHLE METAL LEVE S.A | C167: 51658 | D167: 463563970 | E167: 400 | F167: BRONZINA SUPERIOR STD. C | G167: 0 | H167: =+G167/E167 -> 0 | I167: =I159 -> 46119 | J167: =TODAY() -> 46118
A168: TURBO | B168: MAHLE METAL LEVE S.A | C168: 51620 | D168: 463485280 | E168: 840 | F168: PISTAO COMPL. CLASSE A | G168: 0 | H168: =+G168/E168 -> 0 | I168: =I160 -> 46119 | J168: =TODAY() -> 46118
A169: TURBO | B169: MAHLE METAL LEVE S.A | C169: 51620 | D169: 463485300 | E169: 840 | F169: PISTAO COMPL. CLASSE B | G169: 5040 | H169: =+G169/E169 -> 6 | I169: =I161 -> 46119 | J169: =TODAY() -> 46118
A170: TURBO | B170: MAHLE METAL LEVE S.A | C170: 51620 | D170: 463485320 | E170: 840 | F170: PISTAO COMPL. CLASSE C | G170: 0 | H170: =+G170/E170 -> 0 | I170: =I162 -> 46119 | J170: =TODAY() -> 46118
A171: TURBO | B171: S-RIKO | C171: 73860 | D171: 463592990 | E171: 500 | F171: TUBO RIGIDO BOMBA D ÁGUA | G171: 0 | H171: =+G171/E171 -> 0 | I171: =I163 -> 46119 | J171: =TODAY() -> 46118
A172: TURBO | B172: S-RIKO | C172: 73860 | D172: 463593000 | E172: 500 | F172: TUBO RIGIDO BOMBA D ÁGUA | G172: 0 | H172: =+G172/E172 -> 0 | I172: =I164 -> 46119 | J172: =TODAY() -> 46118
A173: TURBO | B173: MANN+HUMMEL BRASIL LTDA. | C173: 49630 | D173: 463476050 | E173: 720 | F173: FILTRO DE OLEO | G173: 720 | H173: =+G173/E173 -> 1 | I173: =I168 -> 46119 | J173: =TODAY() -> 46118
A174: TURBO | B174: TEKNIA BRASIL LTDA | C174: 73850 | D174: 463491430 | E174: 600 | F174: TUBO DE ACO | G174: 2400 | H174: =+G174/E174 -> 4 | I174: =I169 -> 46119 | J174: =TODAY() -> 46118
A175: TURBO | B175: TEKNIA BRASIL LTDA | C175: 73850 | D175: 552822510 | E175: 1500 | F175: TUBO PESCADOR DE OLEO T3 | G175: 0 | H175: =+G175/E175 -> 0 | I175: =I170 -> 46119 | J175: =TODAY() -> 46118
A176: TURBO | B176: TEKNIA BRASIL LTDA | C176: 73850 | D176: 552823610 | E176: 1500 | F176: TUBO PESCADOR DE OLEO T4 | G176: 0 | H176: =+G176/E176 -> 0 | I176: =I171 -> 46119 | J176: =TODAY() -> 46118
A177: TURBO | B177: ROCHLING AUTOMOTIVE DO BRASIL | C177: 33132 | D177: 552823610 | E177: 900 | F177: TUBO PESCADOR DE OLEO | G177: 900 | H177: =+G177/E177 -> 1 | I177: =I172 -> 46119 | J177: =TODAY() -> 46118
A178: TURBO | B178: THYSSENKRUPP BRASIL LTDA | C178: 40870 | D178: 463479340 | E178: 100 | F178: EIXO COMANDO DE VALVULAS T3 | G178: 1820 | H178: =+G178/E178 -> 18.2 | I178: =I173 -> 46119 | J178: =TODAY() -> 46118
A179: TURBO | B179: THYSSENKRUPP BRASIL LTDA | C179: 40870 | D179: 463479350 | E179: 100 | F179: EIXO COMANDO DE VALVULAS T4 | G179: 2100 | H179: =+G179/E179 -> 21 | I179: =I174 -> 46119 | J179: =TODAY() -> 46118
A180: TURBO | B180: EATON LTDA | C180: 10675 | D180: 552822300 | E180: 7200 | F180: VALVULA DE ADMISSAO | G180: 0 | H180: =+G180/E180 -> 0 | I180: =I175 -> 46119 | J180: =TODAY() -> 46118
A181: TURBO | B181: EATON LTDA | C181: 10675 | D181: 552822310 | E181: 7200 | F181: VALVULA DE DESCARGA | G181: 14400 | H181: =+G181/E181 -> 2 | I181: =I176 -> 46119 | J181: =TODAY() -> 46118
A182: TURBO | B182: RIVETS INDUSTRIA E COMERCIO L | C182: 64641 | D182: 463543900 | E182: 20000 | F182: DISCO SUPERIOR MOLA VALVULA | G182: 0 | H182: =+G182/E182 -> 0 | I182: =I177 -> 46119 | J182: =TODAY() -> 46118
A183: TURBO | B183: MAHLE METAL LEVE S.A | C183: 15565 | D183: 463526200 | E183: 30 | F183: TAMPA CABECOTE MOTOR COMPLETA | G183: 810 | H183: =+G183/E183 -> 27 | I183: =I178 -> 46119 | J183: =TODAY() -> 46118
A184: TURBO | B184: MAHLE METAL LEVE S.A | C184: 15565 | D184: 463548380 | E184: 30 | F184: TAMPA CABECOTE MOTOR COMPLETA | G184: 900 | H184: =+G184/E184 -> 30 | I184: =I179 -> 46119 | J184: =TODAY() -> 46118
A185: TURBO | B185: MAHLE METAL LEVE S.A | C185: 15565 | D185: 463496640 | E185: 30 | F185: TAMPA CABECOTE MOTOR COMPLETA | G185: 120 | H185: =+G185/E185 -> 4 | I185: =I180 -> 46119 | J185: =TODAY() -> 46118
A186: TURBO | B186: ELRING KLINGER SP | C186: 31610 | D186: 463595330 | E186: 40 | F186: TAMPA DO CABEÇOTE T3 | G186: 0 | H186: 0 | I186: =I181 -> 46119 | J186: 46008
...

Sheet SABADO
A1: FIRE
A2: Saturação de Transporte
A3: PEDIDO | B3: FORNECEDOR | C3: CÓDIGO (IMS) | D3: DESENHO FIAT | E3: QME | F3: DENOMINAÇÃO | G3: QUANTIDADE SOLICITADA | H3: QUANTIDADE EMBALAGENS | I3: DATA DA COLETA | J3: DATA DA SOLICITAÇÃO | K3: HORÁRIO DA COLETA
A4: FIRE | B4: ALPINO SP | C4: 20419 | D4: 552540860 | E4: 525 | F4: TUBO RÍGIDO BOMBA D'AGUA | G4: 0 | H4: =+G4/E4 -> 0 | I4: =J4+1 -> 46119 | J4: =TODAY() -> 46118
A5: FIRE | B5: AUTOCAM -SP | C5: 19271 | D5: 552331860 | E5: 13800 | F5: TUCHO COMANDO DE VÁLVULAS | G5: 0 | H5: =+G5/E5 -> 0 | I5: =I4 -> 46119 | J5: =TODAY() -> 46118
A6: FIRE | B6: ALUDYNE - MG | C6: 29509 | D6: 552174870 | E6: 80 | F6: TAMPA DE VÁLVULA | G6: 0 | H6: =+G6/E6 -> 0 | I6: =I5 -> 46119 | J6: =TODAY() -> 46118
A7: FIRE | B7: ALUDYNE - SP | C7: 67200 | D7: 552322380 | E7: 1200 | F7: CONJUNTO MANCAIS CABEÇOTE | G7: 0 | H7: =+G7/E7 -> 0 | I7: =I6 -> 46119 | J7: =TODAY() -> 46118
A8: FIRE | B8: ALUDYNE - SP | C8: 67200 | D8: 552316530 | E8: 1200 | F8: CONJUNTO MANCAIS CABEÇOTE | G8: 0 | H8: =+G8/E8 -> 0 | I8: =I7 -> 46119 | J8: =TODAY() -> 46118
A9: FIRE | B9: ALUDYNE - SP | C9: 67200 | D9: 552654440 | E9: 420 | F9: CONJUNTO MANCAIS BLOCO | G9: 0 | H9: =+G9/E9 -> 0 | I9: =I8 -> 46119 | J9: =TODAY() -> 46118
A10: FIRE | B10: PROPULSION SOLUTIONS* | C10: 47104 | D10: 551812300 | E10: 120 | F10: POLIA CONDUZIDA EIXO MOTOR | G10: 0 | H10: =+G10/E10 -> 0 | I10: =I9 -> 46119 | J10: =TODAY() -> 46118
A11: FIRE | B11: PROPULSION SOLUTIONS* | C11: 47104 | D11: 551812330 | E11: 120 | F11: POLIA CONDUZIDA EIXO MOTOR - D | G11: 0 | H11: =+G11/E11 -> 0 | I11: =I10 -> 46119 | J11: =TODAY() -> 46118
A12: FIRE | B12: PROPULSION SOLUTIONS* | C12: 47104 | D12: 551812350 | E12: 120 | F12: POLIA CONDUZIDA EIXO MOTOR - A | G12: 0 | H12: =+G12/E12 -> 0 | I12: =I11 -> 46119 | J12: =TODAY() -> 46118
A13: FIRE | B13: PROPULSION SOLUTIONS* | C13: 47104 | D13: 551982470 | E13: 240 | F13: POLIA CONDUZIDA | G13: 0 | H13: =+G13/E13 -> 0 | I13: =I12 -> 46119 | J13: =TODAY() -> 46118
A14: FIRE | B14: LITENS - SP | C14: 47850 | D14: 552365200 | E14: 480 | F14: ROLAMENTO TENSOR CORREIA | G14: 0 | H14: =+G14/E14 -> 0 | I14: =I13 -> 46119 | J14: =TODAY() -> 46118
A15: FIRE | B15: LITENS - SP | C15: 47850 | D15: 552260560 | E15: 2000 | F15: ROLAMENTO TENSOR CORREIA | G15: 0 | H15: =+G15/E15 -> 0 | I15: =I14 -> 46119 | J15: =TODAY() -> 46118
A16: FIRE | B16: LITENS - SP | C16: 47850 | D16: 552002110 | E16: 480 | F16: ROLAMENTO TENSOR CORREIA | G16: 0 | H16: =+G16/E16 -> 0 | I16: =I15 -> 46119 | J16: =TODAY() -> 46118
... A103: TURBO | B103: APTIV MANUFATURA E SERVI. DE * | C103: 37866 | D103: 463564120 | E103: 60 | F103: CHICOTE DE INJECAO 281 T3 PL8 | G103: 0 | H103: =+G103/E103 -> 0 | I103: =I102 -> 46119 | J103: =TODAY() -> 46118
A104: TURBO | B104: APTIV MANUFATURA E SERVI. DE * | C104: 37866 | D104: 463577620 | E104: 60 | F104: CHICOTE DE INJECAO GSE T3 ACAC PL8 (CC21/CC22) | G104: 0 | H104: =+G104/E104 -> 0 | I104: =I96 -> 46119 | J104: =TODAY() -> 46118
A105: TURBO | B105: APTIV MANUFATURA E SERVI. DE * | C105: 37866 | D105: 463578580 | E105: 60 | F105: CHICOTE DE INJECAO T3 ACAC PL8 BSG (P21/P24) | G105: 0 | H105: =+G105/E105 -> 0 | I105: =I97 -> 46119 | J105: =TODAY() -> 46118
A106: TURBO | B106: APTIV MANUFATURA E SERVI. DE * | C106: 37866 | D106: 463603240 | E106: 60 | F106: CHICOTE DE INJECAO T4 - 7826 | G106: 0 | H106: =+G106/E106 -> 0 | I106: =I98 -> 46119 | J106: =TODAY() -> 46118
A107: TURBO | B107: APTIV MANUFATURA E SERVI. DE * | C107: 37866 | D107: 463576540 | E107: 60 | F107: CHICOTE DE INJECAO T4 376 PL8 | G107: 0 | H107: =+G107/E107 -> 0 | I107: =I98 -> 46119 | J107: =TODAY() -> 46118
A108: TURBO | B108: APTIV MANUFATURA E SERVI. DE * | C108: 37866 | D108: 463571180 | E108: 60 | F108: CHICOTE DE INJECAO T4 PL8 | G108: 0 | H108: =+G108/E108 -> 0 | I108: =I99 -> 46119 | J108: =TODAY() -> 46118
A109: TURBO | B109: CISER FIXADORES AUTOMOTIVOS S | C109: 27951 | D109: 463385060 | E109: 800 | F109: PARAFUSO BOMBA COMBUSTIVEL | G109: 5000 | H109: =+G109/E109 -> 6.25 | I109: =I100 -> 46119 | J109: =TODAY() -> 46118
A110: TURBO | B110: CISER FIXADORES AUTOMOTIVOS S | C110: 27951 | D110: 552821660 | E110: 600 | F110: PARAFUSO DE FIXACAO - M6 X 18 | G110: 5000 | H110: =+G110/E110 -> 8.3333333 | I110: =I101 -> 46119 | J110: =TODAY() -> 46118
A111: TURBO | B111: CISER FIXADORES AUTOMOTIVOS S | C111: 27951 | D111: 552822750 | E111: 300 | F111: PARAFUSO DE FIXACAO DA BOMBA D | G111: 5000 | H111: =+G111/E111 -> 16.666667 | I111: =I102 -> 46119 | J111: =TODAY() -> 46118
A112: TURBO | B112: CISER FIXADORES AUTOMOTIVOS S | C112: 27951 | D112: 552821670 | E112: 100 | F112: PARAFUSO ESPECIAL | G112: 5000 | H112: =+G112/E112 -> 50 | I112: =I103 -> 46119 | J112: =TODAY() -> 46118
A113: TURBO | B113: CISER FIXADORES AUTOMOTIVOS S | C113: 27951 | D113: 552845970 | E113: 600 | F113: PARAFUSO ESPECIAL | G113: 5000 | H113: =+G113/E113 -> 8.3333333 | I113: =I104 -> 46119 | J113: =TODAY() -> 46118
A114: TURBO | B114: CISER FIXADORES AUTOMOTIVOS S | C114: 27951 | D114: 552798810 | E114: 250 | F114: PARAFUSO ESPECIAL | G114: 5000 | H114: =+G114/E114 -> 20 | I114: =I105 -> 46119 | J114: =TODAY() -> 46118
A115: TURBO | B115: CISER FIXADORES AUTOMOTIVOS S | C115: 27951 | D115: 552842340 | E115: 800 | F115: PARAFUSO ESPECIAL | G115: 5000 | H115: =+G115/E115 -> 6.25 | I115: =I107 -> 46119 | J115: =TODAY() -> 46118
A116: TURBO | B116: CISER FIXADORES AUTOMOTIVOS S | C116: 27951 | D116: 552822630 | E116: 600 | F116: PARAFUSO ESPECIAL | G116: 5000 | H116: =+G116/E116 -> 8.3333333 | I116: =I108 -> 46119 | J116: =TODAY() -> 46118
A117: TURBO | B117: CISER FIXADORES AUTOMOTIVOS S | C117: 27951 | D117: 552799020 | E117: 200 | F117: PARAFUSO ESPECIAL | G117: 5000 | H117: =+G117/E117 -> 25 | I117: =I109 -> 46119 | J117: =TODAY() -> 46118
A118: TURBO | B118: CISER FIXADORES AUTOMOTIVOS S | C118: 27951 | D118: 463369240 | E118: 500 | F118: PARAFUSO ESPECIAL | G118: 5000 | H118: =+G118/E118 -> 10 | I118: =I110 -> 46119 | J118: =TODAY() -> 46118
A119: TURBO | B119: CISER FIXADORES AUTOMOTIVOS S | C119: 27951 | D119: 463398780 | E119: 400 | F119: PARAFUSO ESPECIAL M6X46 | G119: 5000 | H119: =+G119/E119 -> 12.5 | I119: =I111 -> 46119 | J119: =TODAY() -> 46118
A120: TURBO | B120: CISER FIXADORES AUTOMOTIVOS S | C120: 27951 | D120: 552822620 | E120: 800 | F120: PARAFUSO FIXACAO BOMBA DE AGUA | G120: 5000 | H120: =+G120/E120 -> 6.25 | I120: =I112 -> 46119 | J120: =TODAY() -> 46118
A121: TURBO | B121: CISER FIXADORES AUTOMOTIVOS S | C121: 27951 | D121: 463473640 | E121: 500 | F121: PARAFUSO FIXACAO COLETOR | G121: 5000 | H121: =+G121/E121 -> 10 | I121: =I113 -> 46119 | J121: =TODAY() -> 46118
A122: TURBO | B122: CISER FIXADORES AUTOMOTIVOS S | C122: 27951 | D122: 552831540 | E122: 400 | F122: PARAFUSO FIXACAO M6 X 40 | G122: 5000 | H122: =+G122/E122 -> 12.5 | I122: =I114 -> 46119 | J122: =TODAY() -> 46118
A123: TURBO | B123: CISER FIXADORES AUTOMOTIVOS S | C123: 27951 | D123: 187517280 | E123: 400 | F123: PARAFUSO M6 X 37.5 | G123: 5000 | H123: =+G123/E123 -> 12.5 | I123: =I115 -> 46119 | J123: =TODAY() -> 46118
A124: TURBO | B124: CISER FIXADORES AUTOMOTIVOS S | C124: 27951 | D124: 552822460 | E124: 650 | F124: PARAFUSO M6X14 | G124: 5000 | H124: =+G124/E124 -> 7.6923077 | I124: =I116 -> 46119 | J124: =TODAY() -> 46118
A125: TURBO | B125: CISER FIXADORES AUTOMOTIVOS S | C125: 27951 | D125: 552821610 | E125: 150 | F125: PARAFUSO M8 X 80 | G125: 5000 | H125: =+G125/E125 -> 33.333333 | I125: =I117 -> 46119 | J125: =TODAY() -> 46118
A126: TURBO | B126: CISER FIXADORES AUTOMOTIVOS S | C126: 27951 | D126: 552842370 | E126: 400 | F126: PARAFUSO TE FLANGEADO M6X30 | G126: 5000 | H126: =+G126/E126 -> 12.5 | I126: =I118 -> 46119 | J126: =TODAY() -> 46118
A127: TURBO | B127: CISER FIXADORES AUTOMOTIVOS S | C127: 27951 | D127: 552821600 | E127: 300 | F127: PARAFUSO TE FLANGEADO M8X40 | G127: 5000 | H127: =+G127/E127 -> 16.666667 | I127: =I119 -> 46119 | J127: =TODAY() -> 46118
A128: TURBO | B128: CONTINENTAL SP | C128: 36019 | D128: 463375300 | E128: 1000 | F128: PARAFUSO ESPECIAL M6 X 22 | G128: 0 | H128: =+G128/E128 -> 0 | I128: =I119 -> 46119 | J128: =TODAY() -> 46118
A129: TURBO | B129: CONTINENTAL SP | C129: 36019 | D129: 463385060 | E129: 800 | F129: PARAFUSO BOMBA COMBUSTIVEL | G129: 0 | H129: =+G129/E129 -> 0 | I129: =I120 -> 46119 | J129: =TODAY() -> 46118
A130: TURBO | B130: CONTINENTAL SP | C130: 36019 | D130: 552821660 | E130: 600 | F130: PARAFUSO DE FIXACAO - M6 X 18 | G130: 0 | H130: =+G130/E130 -> 0 | I130: =I121 -> 46119 | J130: =TODAY() -> 46118
A131: TURBO | B131: CONTINENTAL SP | C131: 36019 | D131: 552822750 | E131: 300 | F131: PARAFUSO DE FIXACAO DA BOMBA D | G131: 0 | H131: =+G131/E131 -> 0 | I131: =I122 -> 46119 | J131: =TODAY() -> 46118
A132: TURBO | B132: CONTINENTAL SP | C132: 36019 | D132: 552821670 | E132: 100 | F132: PARAFUSO ESPECIAL | G132: 0 | H132: =+G132/E132 -> 0 | I132: =I123 -> 46119 | J132: =TODAY() -> 46118
A133: TURBO | B133: CONTINENTAL SP | C133: 36019 | D133: 552845970 | E133: 600 | F133: PARAFUSO ESPECIAL | G133: 0 | H133: =+G133/E133 -> 0 | I133: =I124 -> 46119 | J133: =TODAY() -> 46118
A134: TURBO | B134: CONTINENTAL SP | C134: 36019 | D134: 552798810 | E134: 250 | F134: PARAFUSO ESPECIAL | G134: 0 | H134: =+G134/E134 -> 0 | I134: =I125 -> 46119 | J134: =TODAY() -> 46118
A135: TURBO | B135: CONTINENTAL SP | C135: 36019 | D135: 552842340 | E135: 800 | F135: PARAFUSO ESPECIAL | G135: 0 | H135: =+G135/E135 -> 0 | I135: =I126 -> 46119 | J135: =TODAY() -> 46118
A136: TURBO | B136: CONTINENTAL SP | C136: 36019 | D136: 552822630 | E136: 600 | F136: PARAFUSO ESPECIAL | G136: 0 | H136: =+G136/E136 -> 0 | I136: =I127 -> 46119 | J136: =TODAY() -> 46118
A137: TURBO | B137: CONTINENTAL SP | C137: 36019 | D137: 552799020 | E137: 200 | F137: PARAFUSO ESPECIAL | G137: 0 | H137: =+G137/E137 -> 0 | I137: =I129 -> 46119 | J137: =TODAY() -> 46118
A138: TURBO | B138: CONTINENTAL SP | C138: 36019 | D138: 463369240 | E138: 500 | F138: PARAFUSO ESPECIAL | G138: 0 | H138: =+G138/E138 -> 0 | I138: =I130 -> 46119 | J138: =TODAY() -> 46118
A139: TURBO | B139: CONTINENTAL SP | C139: 36019 | D139: 463398780 | E139: 400 | F139: PARAFUSO ESPECIAL M6X46 | G139: 0 | H139: =+G139/E139 -> 0 | I139: =I131 -> 46119 | J139: =TODAY() -> 46118
A140: TURBO | B140: CONTINENTAL SP | C140: 36019 | D140: 552822620 | E140: 800 | F140: PARAFUSO FIXACAO BOMBA DE AGUA | G140: 0 | H140: =+G140/E140 -> 0 | I140: =I132 -> 46119 | J140: =TODAY() -> 46118
A141: TURBO | B141: CONTINENTAL SP | C141: 36019 | D141: 463473640 | E141: 500 | F141: PARAFUSO FIXACAO COLETOR | G141: 0 | H141: =+G141/E141 -> 0 | I141: =I133 -> 46119 | J141: =TODAY() -> 46118
A142: TURBO | B142: CONTINENTAL SP | C142: 36019 | D142: 552831540 | E142: 400 | F142: PARAFUSO FIXACAO M6 X 40 | G142: 0 | H142: =+G142/E142 -> 0 | I142: =I134 -> 46119 | J142: =TODAY() -> 46118
A143: TURBO | B143: CONTINENTAL SP | C143: 36019 | D143: 187517280 | E143: 400 | F143: PARAFUSO M6 X 37.5 | G143: 0 | H143: =+G143/E143 -> 0 | I143: =I135 -> 46119 | J143: =TODAY() -> 46118
A144: TURBO | B144: CONTINENTAL SP | C144: 36019 | D144: 552822460 | E144: 650 | F144: PARAFUSO M6X14 | G144: 0 | H144: =+G144/E144 -> 0 | I144: =I136 -> 46119 | J144: =TODAY() -> 46118
A145: TURBO | B145: CONTINENTAL SP | C145: 36019 | D145: 552821610 | E145: 150 | F145: PARAFUSO M8 X 80 | G145: 0 | H145: =+G145/E145 -> 0 | I145: =I137 -> 46119 | J145: =TODAY() -> 46118
A146: TURBO | B146: CONTINENTAL SP | C146: 36019 | D146: 552842370 | E146: 400 | F146: PARAFUSO TE FLANGEADO M6X30 | G146: 0 | H146: =+G146/E146 -> 0 | I146: =I138 -> 46119 | J146: =TODAY() -> 46118
A147: TURBO | B147: CONTINENTAL SP | C147: 36019 | D147: 552821600 | E147: 300 | F147: PARAFUSO TE FLANGEADO M8X40 | G147: 0 | H147: =+G147/E147 -> 0 | I147: =I139 -> 46119 | J147: =TODAY() -> 46118
A148: TURBO | B148: CONTINENTAL SP | C148: 36019 | D148: 463532640 | E148: 1100 | F148: TAMPAO CONICO M10 | G148: 0 | H148: =+G148/E148 -> 0 | I148: =I140 -> 46119 | J148: =TODAY() -> 46118
A149: TURBO | B149: CONTINENTAL SP | C149: 36019 | D149: 463532650 | E149: 800 | F149: TAMPAO OBTURADOR | G149: 0 | H149: =+G149/E149 -> 0 | I149: =I141 -> 46119 | J149: =TODAY() -> 46118
A150: TURBO | B150: MAHLE METAL LEVE S.A | C150: 51658 | D150: 463485610 | E150: 600 | F150: BRONZINA DE BIELA STD. A | G150: 0 | H150: =+G150/E150 -> 0 | I150: =I122 -> 46119 | J150: =TODAY() -> 46118
A151: TURBO | B151: MAHLE METAL LEVE S.A | C151: 51658 | D151: 463485620 | E151: 600 | F151: BRONZINA DE BIELA STD. B | G151: 0 | H151: =+G151/E151 -> 0 | I151: =I123 -> 46119 | J151: =TODAY() -> 46118
A152: TURBO | B152: MAHLE METAL LEVE S.A | C152: 51658 | D152: 463485630 | E152: 600 | F152: BRONZINA DE BIELA STD. C | G152: 0 | H152: =+G152/E152 -> 0 | I152: =I124 -> 46119 | J152: =TODAY() -> 46118
A153: TURBO | B153: MAHLE METAL LEVE S.A | C153: 51658 | D153: 463485640 | E153: 600 | F153: BRONZINA DE BIELA SUPERIOR STD | G153: 0 | H153: =+G153/E153 -> 0 | I153: =I125 -> 46119 | J153: =TODAY() -> 46118
A154: TURBO | B154: MAHLE METAL LEVE S.A | C154: 51658 | D154: 463485650 | E154: 600 | F154: BRONZINA DE BIELA SUPERIOR STD | G154: 0 | H154: =+G154/E154 -> 0 | I154: =I126 -> 46119 | J154: =TODAY() -> 46118
A155: TURBO | B155: MAHLE METAL LEVE S.A | C155: 51658 | D155: 463485660 | E155: 600 | F155: BRONZINA DE BIELA SUPERIOR STD | G155: 0 | H155: =+G155/E155 -> 0 | I155: =I127 -> 46119 | J155: =TODAY() -> 46118
A156: TURBO | B156: MAHLE METAL LEVE S.A | C156: 51658 | D156: 463485380 | E156: 400 | F156: BRONZINA INFERIOR STD. A | G156: 0 | H156: =+G156/E156 -> 0 | I156: =I129 -> 46119 | J156: =TODAY() -> 46118
A157: TURBO | B157: MAHLE METAL LEVE S.A | C157: 51658 | D157: 463485390 | E157: 400 | F157: BRONZINA INFERIOR STD. B | G157: 0 | H157: =+G157/E157 -> 0 | I157: =I130 -> 46119 | J157: =TODAY() -> 46118
A158: TURBO | B158: MAHLE METAL LEVE S.A | C158: 51658 | D158: 463485400 | E158: 400 | F158: BRONZINA INFERIOR STD. C | G158: 0 | H158: =+G158/E158 -> 0 | I158: =I149 -> 46119 | J158: =TODAY() -> 46118
A159: TURBO | B159: MAHLE METAL LEVE S.A | C159: 51658 | D159: 463485440 | E159: 400 | F159: BRONZINA SUPERIOR STD. A | G159: 0 | H159: =+G159/E159 -> 0 | I159: =I151 -> 46119 | J159: =TODAY() -> 46118
A160: TURBO | B160: MAHLE METAL LEVE S.A | C160: 51658 | D160: 463485450 | E160: 400 | F160: BRONZINA SUPERIOR STD. B | G160: 0 | H160: =+G160/E160 -> 0 | I160: =I152 -> 46119 | J160: =TODAY() -> 46118
A161: TURBO | B161: MAHLE METAL LEVE S.A | C161: 51658 | D161: 463485460 | E161: 400 | F161: BRONZINA SUPERIOR STD. C | G161: 0 | H161: =+G161/E161 -> 0 | I161: =I153 -> 46119 | J161: =TODAY() -> 46118
A162: TURBO | B162: MAHLE METAL LEVE S.A | C162: 51658 | D162: 463563890 | E162: 400 | F162: BRONZINA SUPERIOR STD. C | G162: 0 | H162: =+G162/E162 -> 0 | I162: =I154 -> 46119 | J162: =TODAY() -> 46118
A163: TURBO | B163: MAHLE METAL LEVE S.A | C163: 51658 | D163: 463563900 | E163: 400 | F163: BRONZINA SUPERIOR STD. C | G163: 0 | H163: =+G163/E163 -> 0 | I163: =I155 -> 46119 | J163: =TODAY() -> 46118
A164: TURBO | B164: MAHLE METAL LEVE S.A | C164: 51658 | D164: 463563910 | E164: 400 | F164: BRONZINA SUPERIOR STD. C | G164: 0 | H164: =+G164/E164 -> 0 | I164: =I156 -> 46119 | J164: =TODAY() -> 46118
A165: TURBO | B165: MAHLE METAL LEVE S.A | C165: 51658 | D165: 463563950 | E165: 400 | F165: BRONZINA SUPERIOR STD. C | G165: 0 | H165: =+G165/E165 -> 0 | I165: =I157 -> 46119 | J165: =TODAY() -> 46118
A166: TURBO | B166: MAHLE METAL LEVE S.A | C166: 51658 | D166: 463563960 | E166: 400 | F166: BRONZINA SUPERIOR STD. C | G166: 0 | H166: =+G166/E166 -> 0 | I166: =I158 -> 46119 | J166: =TODAY() -> 46118
A167: TURBO | B167: MAHLE METAL LEVE S.A | C167: 51658 | D167: 463563970 | E167: 400 | F167: BRONZINA SUPERIOR STD. C | G167: 0 | H167: =+G167/E167 -> 0 | I167: =I159 -> 46119 | J167: =TODAY() -> 46118
A168: TURBO | B168: MAHLE METAL LEVE S.A | C168: 51620 | D168: 463485280 | E168: 840 | F168: PISTAO COMPL. CLASSE A | G168: 1680 | H168: =+G168/E168 -> 2 | I168: =I160 -> 46119 | J168: =TODAY() -> 46118
A169: TURBO | B169: MAHLE METAL LEVE S.A | C169: 51620 | D169: 463485300 | E169: 840 | F169: PISTAO COMPL. CLASSE B | G169: 8400 | H169: =+G169/E169 -> 10 | I169: =I161 -> 46119 | J169: =TODAY() -> 46118
A170: TURBO | B170: MAHLE METAL LEVE S.A | C170: 51620 | D170: 463485320 | E170: 840 | F170: PISTAO COMPL. CLASSE C | G170: 3360 | H170: =+G170/E170 -> 4 | I170: =I162 -> 46119 | J170: =TODAY() -> 46118
... A191: TURBO | B191: ELRING KLINGER SP | C191: 31610 | D191: 463572040 | E191: 600 | F191: JUNTA CABECOTE MOTOR T4 | G191: 1680 | H191: =+G191/E191 -> 2.8 | I191: =I183 -> 46119 | J191: =TODAY() -> 46118
A192: TURBO | B192: ELRING KLINGER SP | C192: 31610 | D192: 463595330 | E192: 600 | F192: JUNTA DA FLANGE COLETOR DESCARGA T4 | G192: 0 | H192: =+G192/E192 -> 0 | I192: =I191 -> 46119 | J192: 45868
A193: TURBO | B193: MUBEA DO BRASIL LTDA | C193: 50111 | D193: 552833910 | E193: 9000 | F193: MOLA PARA VALVULA | G193: 0 | H193: 0 | I193: =I192 -> 46119 | J193: 45868
A194: TURBO | B194: OMR - COMPONENTES AUTOMOTIVOS | C194: 56589 | D194: 463384907 | E194: 30 | F194: BLOCO MOTOR INFERIOR (BEDPLATE | G194: 900 | H194: =+G194/E194 -> 30 | I194: =I184 -> 46119 | J194: =TODAY() -> 46118
A195: TURBO | B195: OMR - COMPONENTES AUTOMOTIVOS | C195: 56589 | D195: 463384997 | E195: 30 | F195: BLOCO MOTOR INFERIOR T4 (BEDPL | G195: 900 | H195: =+G195/E195 -> 30 | I195: =I185 -> 46119 | J195: =TODAY() -> 46118
A196: TURBO | B196: METALKRAFT S/A SISTEMAS AUTOM | C196: 50050 | D196: 463529270 | E196: 432 | F196: CAPA MANCAL POSTERIOR DO CABEC | G196: 0 | H196: =+G196/E196 -> 0 | I196: =I186 -> 46119 | J196: =TODAY() -> 46118
A197: TURBO | B197: NEUMAYER TEKFOR AUTOMOTIVE BR | C197: 30467 | D197: 552806540 | E197: 1200 | F197: PORCA | G197: 0 | H197: =+G197/E197 -> 0 | I197: =I187 -> 46119 | J197: =TODAY() -> 46118
A198: TURBO | B198: NEUMAYER TEKFOR AUTOMOTIVE BR | C198: 30467 | D198: 463389730 | E198: 400 | F198: PRISIONEIRO | G198: 0 | H198: =+G198/E198 -> 0 | I198: =I188 -> 46119 | J198: =TODAY() -> 46118
A199: TURBO | B199: NEUMAYER TEKFOR AUTOMOTIVE BR | C199: 30467 | D199: 463532630 | E199: 250 | F199: TAMPAO CONICO | G199: 0 | H199: =+G199/E199 -> 0 | I199: =I189 -> 46119 | J199: =TODAY() -> 46118
A200: TURBO | B200: NEUMAYER TEKFOR AUTOMOTIVE BR | C200: 30467 | D200: 552821810 | E200: 350 | F200: TAMPAO CONICO M18 | G200: 0 | H200: =+G200/E200 -> 0 | I200: =I190 -> 46119 | J200: =TODAY() -> 46118
A201: TURBO | B201: METALAC SP | C201: 5934 | D201: 463384870 | E201: 1000 | F201: PARAFUSO ESPECIAL M6 | G201: 0 | H201: =+G201/E201 -> 0 | I201: =I191 -> 46119 | J201: =TODAY() -> 46118
A202: TURBO | B202: METALAC SP | C202: 5934 | D202: 463516230 | E202: 80 | F202: PARAFUSO M10 X 1.5 FIX.CABECOTE/BLOCO | G202: 0 | H202: =+G202/E202 -> 0 | I202: =I194 -> 46119 | J202: =TODAY() -> 46118
A203: TURBO | B203: METALAC SP | C203: 5934 | D203: 552841160 | E203: 1000 | F203: PARAFUSO DE FIXACAO - M6 X 28 | G203: 0 | H203: =+G203/E203 -> 0 | I203: =I195 -> 46119 | J203: =TODAY() -> 46118
A204: TURBO | B204: ACUMENT BRASIL SISTEMAS DE FI | C204: 19414 | D204: 463532640 | E204: 1100 | F204: TAMPAO CONICO M10 | G204: 0 | H204: =+G204/E204 -> 0 | I204: =I196 -> 46119 | J204: =TODAY() -> 46118
A205: TURBO | B205: ACUMENT BRASIL SISTEMAS DE FI | C205: 19414 | D205: 463532650 | E205: 800 | F205: TAMPAO OBTURADOR | G205: 0 | H205: =+G205/E205 -> 0 | I205: =I197 -> 46119 | J205: =TODAY() -> 46118
A206: TURBO | B206: ACUMENT BRASIL SISTEMAS DE FI | C206: 19414 | D206: 162970240 | E206: 500 | F206: PARAFUSO TE FLANGEADO M6 X 18M | G206: 0 | H206: =+G206/E206 -> 0 | I206: =I198 -> 46119 | J206: =TODAY() -> 46118
...

Sheet DOMINGO
A1: FIRE
A2: Saturação de Transporte
A3: PEDIDO | B3: FORNECEDOR | C3: CÓDIGO (IMS) | D3: DESENHO FIAT | E3: QME | F3: DENOMINAÇÃO | G3: QUANTIDADE SOLICITADA | H3: QUANTIDADE EMBALAGENS | I3: DATA DA COLETA | J3: DATA DA SOLICITAÇÃO | K3: HORÁRIO DA COLETA
A4: FIRE | B4: ALPINO SP | C4: 20419 | D4: 552540860 | E4: 525 | F4: TUBO RÍGIDO BOMBA D'AGUA | G4: 0 | H4: =+G4/E4 -> 0 | I4: =J4+2 -> 46120 | J4: =TODAY() -> 46118
A5: FIRE | B5: AUTOCAM -SP | C5: 19271 | D5: 552331860 | E5: 13800 | F5: TUCHO COMANDO DE VÁLVULAS | G5: 0 | H5: =+G5/E5 -> 0 | I5: =I4 -> 46120 | J5: =TODAY() -> 46118
A6: FIRE | B6: ALUDYNE - MG | C6: 29509 | D6: 552174870 | E6: 80 | F6: TAMPA DE VÁLVULA | G6: 0 | H6: =+G6/E6 -> 0 | I6: =I5 -> 46120 | J6: =TODAY() -> 46118
A7: FIRE | B7: ALUDYNE - SP | C7: 67200 | D7: 552322380 | E7: 1200 | F7: CONJUNTO MANCAIS CABEÇOTE | G7: 0 | H7: =+G7/E7 -> 0 | I7: =I6 -> 46120 | J7: =TODAY() -> 46118
A8: FIRE | B8: ALUDYNE - SP | C8: 67200 | D8: 552316530 | E8: 1200 | F8: CONJUNTO MANCAIS CABEÇOTE | G8: 0 | H8: =+G8/E8 -> 0 | I8: =I7 -> 46120 | J8: =TODAY() -> 46118
A9: FIRE | B9: ALUDYNE - SP | C9: 67200 | D9: 552654440 | E9: 420 | F9: CONJUNTO MANCAIS BLOCO | G9: 0 | H9: =+G9/E9 -> 0 | I9: =I8 -> 46120 | J9: =TODAY() -> 46118
A10: FIRE | B10: PROPULSION SOLUTIONS* | C10: 47104 | D10: 551812300 | E10: 120 | F10: POLIA CONDUZIDA EIXO MOTOR | G10: 0 | H10: =+G10/E10 -> 0 | I10: =I9 -> 46120 | J10: =TODAY() -> 46118
A11: FIRE | B11: PROPULSION SOLUTIONS* | C11: 47104 | D11: 551812330 | E11: 120 | F11: POLIA CONDUZIDA EIXO MOTOR - D | G11: 0 | H11: =+G11/E11 -> 0 | I11: =I10 -> 46120 | J11: =TODAY() -> 46118
A12: FIRE | B12: PROPULSION SOLUTIONS* | C12: 47104 | D12: 551812350 | E12: 120 | F12: POLIA CONDUZIDA EIXO MOTOR - A | G12: 0 | H12: =+G12/E12 -> 0 | I12: =I11 -> 46120 | J12: =TODAY() -> 46118
A13: FIRE | B13: PROPULSION SOLUTIONS* | C13: 47104 | D13: 551982470 | E13: 240 | F13: POLIA CONDUZIDA | G13: 0 | H13: =+G13/E13 -> 0 | I13: =I12 -> 46120 | J13: =TODAY() -> 46118
A14: FIRE | B14: LITENS - SP | C14: 47850 | D14: 552365200 | E14: 480 | F14: ROLAMENTO TENSOR CORREIA | G14: 0 | H14: =+G14/E14 -> 0 | I14: =I13 -> 46120 | J14: =TODAY() -> 46118
A15: FIRE | B15: LITENS - SP | C15: 47850 | D15: 552260560 | E15: 2000 | F15: ROLAMENTO TENSOR CORREIA | G15: 0 | H15: =+G15/E15 -> 0 | I15: =I14 -> 46120 | J15: =TODAY() -> 46118
A16: FIRE | B16: LITENS - SP | C16: 47850 | D16: 552002110 | E16: 480 | F16: ROLAMENTO TENSOR CORREIA | G16: 0 | H16: =+G16/E16 -> 0 | I16: =I15 -> 46120 | J16: =TODAY() -> 46118
... A103: TURBO | B103: APTIV MANUFATURA E SERVI. DE * | C103: 37866 | D103: 463564120 | E103: 60 | F103: CHICOTE DE INJECAO 281 T3 PL8 | G103: 0 | H103: =+G103/E103 -> 0 | I103: =I102 -> 46120 | J103: =TODAY() -> 46118
A104: TURBO | B104: APTIV MANUFATURA E SERVI. DE * | C104: 37866 | D104: 463577620 | E104: 60 | F104: CHICOTE DE INJECAO GSE T3 ACAC PL8 (CC21/CC22) | G104: 0 | H104: =+G104/E104 -> 0 | I104: =I96 -> 46120 | J104: =TODAY() -> 46118
A105: TURBO | B105: APTIV MANUFATURA E SERVI. DE * | C105: 37866 | D105: 463578580 | E105: 60 | F105: CHICOTE DE INJECAO T3 ACAC PL8 BSG (P21/P24) | G105: 0 | H105: =+G105/E105 -> 0 | I105: =I97 -> 46120 | J105: =TODAY() -> 46118
A106: TURBO | B106: APTIV MANUFATURA E SERVI. DE * | C106: 37866 | D106: 463603240 | E106: 60 | F106: CHICOTE DE INJECAO T4 - 7826 | G106: 0 | H106: =+G106/E106 -> 0 | I106: =I98 -> 46120 | J106: =TODAY() -> 46118
A107: TURBO | B107: APTIV MANUFATURA E SERVI. DE * | C107: 37866 | D107: 463576540 | E107: 60 | F107: CHICOTE DE INJECAO T4 376 PL8 | G107: 0 | H107: =+G107/E107 -> 0 | I107: =I98 -> 46120 | J107: =TODAY() -> 46118
A108: TURBO | B108: APTIV MANUFATURA E SERVI. DE * | C108: 37866 | D108: 463571180 | E108: 60 | F108: CHICOTE DE INJECAO T4 PL8 | G108: 0 | H108: =+G108/E108 -> 0 | I108: =I99 -> 46120 | J108: =TODAY() -> 46118
A109: TURBO | B109: CISER FIXADORES AUTOMOTIVOS S | C109: 27951 | D109: 463385060 | E109: 800 | F109: PARAFUSO BOMBA COMBUSTIVEL | G109: 0 | H109: =+G109/E109 -> 0 | I109: =I100 -> 46120 | J109: =TODAY() -> 46118
A110: TURBO | B110: CISER FIXADORES AUTOMOTIVOS S | C110: 27951 | D110: 552821660 | E110: 600 | F110: PARAFUSO DE FIXACAO - M6 X 18 | G110: 0 | H110: =+G110/E110 -> 0 | I110: =I101 -> 46120 | J110: =TODAY() -> 46118
A111: TURBO | B111: CISER FIXADORES AUTOMOTIVOS S | C111: 27951 | D111: 552822750 | E111: 300 | F111: PARAFUSO DE FIXACAO DA BOMBA D | G111: 0 | H111: =+G111/E111 -> 0 | I111: =I102 -> 46120 | J111: =TODAY() -> 46118
A112: TURBO | B112: CISER FIXADORES AUTOMOTIVOS S | C112: 27951 | D112: 552821670 | E112: 100 | F112: PARAFUSO ESPECIAL | G112: 0 | H112: =+G112/E112 -> 0 | I112: =I103 -> 46120 | J112: =TODAY() -> 46118
A113: TURBO | B113: CISER FIXADORES AUTOMOTIVOS S | C113: 27951 | D113: 552845970 | E113: 600 | F113: PARAFUSO ESPECIAL | G113: 0 | H113: =+G113/E113 -> 0 | I113: =I104 -> 46120 | J113: =TODAY() -> 46118
A114: TURBO | B114: CISER FIXADORES AUTOMOTIVOS S | C114: 27951 | D114: 552798810 | E114: 250 | F114: PARAFUSO ESPECIAL | G114: 0 | H114: =+G114/E114 -> 0 | I114: =I105 -> 46120 | J114: =TODAY() -> 46118
A115: TURBO | B115: CISER FIXADORES AUTOMOTIVOS S | C115: 27951 | D115: 552842340 | E115: 800 | F115: PARAFUSO ESPECIAL | G115: 0 | H115: =+G115/E115 -> 0 | I115: =I107 -> 46120 | J115: =TODAY() -> 46118
A116: TURBO | B116: CISER FIXADORES AUTOMOTIVOS S | C116: 27951 | D116: 552822630 | E116: 600 | F116: PARAFUSO ESPECIAL | G116: 0 | H116: =+G116/E116 -> 0 | I116: =I108 -> 46120 | J116: =TODAY() -> 46118
A117: TURBO | B117: CISER FIXADORES AUTOMOTIVOS S | C117: 27951 | D117: 552799020 | E117: 200 | F117: PARAFUSO ESPECIAL | G117: 0 | H117: =+G117/E117 -> 0 | I117: =I109 -> 46120 | J117: =TODAY() -> 46118
A118: TURBO | B118: CISER FIXADORES AUTOMOTIVOS S | C118: 27951 | D118: 463369240 | E118: 500 | F118: PARAFUSO ESPECIAL | G118: 0 | H118: =+G118/E118 -> 0 | I118: =I110 -> 46120 | J118: =TODAY() -> 46118
A119: TURBO | B119: CISER FIXADORES AUTOMOTIVOS S | C119: 27951 | D119: 463398780 | E119: 400 | F119: PARAFUSO ESPECIAL M6X46 | G119: 0 | H119: =+G119/E119 -> 0 | I119: =I111 -> 46120 | J119: =TODAY() -> 46118
A120: TURBO | B120: CISER FIXADORES AUTOMOTIVOS S | C120: 27951 | D120: 552822620 | E120: 800 | F120: PARAFUSO FIXACAO BOMBA DE AGUA | G120: 0 | H120: =+G120/E120 -> 0 | I120: =I112 -> 46120 | J120: =TODAY() -> 46118
A121: TURBO | B121: CISER FIXADORES AUTOMOTIVOS S | C121: 27951 | D121: 463473640 | E121: 500 | F121: PARAFUSO FIXACAO COLETOR | G121: 0 | H121: =+G121/E121 -> 0 | I121: =I113 -> 46120 | J121: =TODAY() -> 46118
A122: TURBO | B122: CISER FIXADORES AUTOMOTIVOS S | C122: 27951 | D122: 552831540 | E122: 400 | F122: PARAFUSO FIXACAO M6 X 40 | G122: 0 | H122: =+G122/E122 -> 0 | I122: =I114 -> 46120 | J122: =TODAY() -> 46118
A123: TURBO | B123: CISER FIXADORES AUTOMOTIVOS S | C123: 27951 | D123: 187517280 | E123: 400 | F123: PARAFUSO M6 X 37.5 | G123: 0 | H123: =+G123/E123 -> 0 | I123: =I115 -> 46120 | J123: =TODAY() -> 46118
A124: TURBO | B124: CISER FIXADORES AUTOMOTIVOS S | C124: 27951 | D124: 552822460 | E124: 650 | F124: PARAFUSO M6X14 | G124: 0 | H124: =+G124/E124 -> 0 | I124: =I116 -> 46120 | J124: =TODAY() -> 46118
A125: TURBO | B125: CISER FIXADORES AUTOMOTIVOS S | C125: 27951 | D125: 552821610 | E125: 150 | F125: PARAFUSO M8 X 80 | G125: 0 | H125: =+G125/E125 -> 0 | I125: =I117 -> 46120 | J125: =TODAY() -> 46118
A126: TURBO | B126: CISER FIXADORES AUTOMOTIVOS S | C126: 27951 | D126: 552842370 | E126: 400 | F126: PARAFUSO TE FLANGEADO M6X30 | G126: 0 | H126: =+G126/E126 -> 0 | I126: =I118 -> 46120 | J126: =TODAY() -> 46118
A127: TURBO | B127: CISER FIXADORES AUTOMOTIVOS S | C127: 27951 | D127: 552821600 | E127: 300 | F127: PARAFUSO TE FLANGEADO M8X40 | G127: 0 | H127: =+G127/E127 -> 0 | I127: =I119 -> 46120 | J127: =TODAY() -> 46118
A128: TURBO | B128: CONTINENTAL SP | C128: 36019 | D128: 463375300 | E128: 1000 | F128: PARAFUSO ESPECIAL M6 X 22 | G128: 0 | H128: =+G128/E128 -> 0 | I128: =I119 -> 46120 | J128: =TODAY() -> 46118
A129: TURBO | B129: CONTINENTAL SP | C129: 36019 | D129: 463385060 | E129: 800 | F129: PARAFUSO BOMBA COMBUSTIVEL | G129: 0 | H129: =+G129/E129 -> 0 | I129: =I120 -> 46120 | J129: =TODAY() -> 46118
A130: TURBO | B130: CONTINENTAL SP | C130: 36019 | D130: 552821660 | E130: 600 | F130: PARAFUSO DE FIXACAO - M6 X 18 | G130: 0 | H130: =+G130/E130 -> 0 | I130: =I121 -> 46120 | J130: =TODAY() -> 46118
A131: TURBO | B131: CONTINENTAL SP | C131: 36019 | D131: 552822750 | E131: 300 | F131: PARAFUSO DE FIXACAO DA BOMBA D | G131: 0 | H131: =+G131/E131 -> 0 | I131: =I122 -> 46120 | J131: =TODAY() -> 46118
A132: TURBO | B132: CONTINENTAL SP | C132: 36019 | D132: 552821670 | E132: 100 | F132: PARAFUSO ESPECIAL | G132: 0 | H132: =+G132/E132 -> 0 | I132: =I123 -> 46120 | J132: =TODAY() -> 46118
A133: TURBO | B133: CONTINENTAL SP | C133: 36019 | D133: 552845970 | E133: 600 | F133: PARAFUSO ESPECIAL | G133: 0 | H133: =+G133/E133 -> 0 | I133: =I124 -> 46120 | J133: =TODAY() -> 46118
A134: TURBO | B134: CONTINENTAL SP | C134: 36019 | D134: 552798810 | E134: 250 | F134: PARAFUSO ESPECIAL | G134: 0 | H134: =+G134/E134 -> 0 | I134: =I125 -> 46120 | J134: =TODAY() -> 46118
A135: TURBO | B135: CONTINENTAL SP | C135: 36019 | D135: 552842340 | E135: 800 | F135: PARAFUSO ESPECIAL | G135: 0 | H135: =+G135/E135 -> 0 | I135: =I126 -> 46120 | J135: =TODAY() -> 46118
A136: TURBO | B136: CONTINENTAL SP | C136: 36019 | D136: 552822630 | E136: 600 | F136: PARAFUSO ESPECIAL | G136: 0 | H136: =+G136/E136 -> 0 | I136: =I127 -> 46120 | J136: =TODAY() -> 46118
A137: TURBO | B137: CONTINENTAL SP | C137: 36019 | D137: 552799020 | E137: 200 | F137: PARAFUSO ESPECIAL | G137: 0 | H137: =+G137/E137 -> 0 | I137: =I129 -> 46120 | J137: =TODAY() -> 46118
A138: TURBO | B138: CONTINENTAL SP | C138: 36019 | D138: 463369240 | E138: 500 | F138: PARAFUSO ESPECIAL | G138: 0 | H138: =+G138/E138 -> 0 | I138: =I130 -> 46120 | J138: =TODAY() -> 46118
A139: TURBO | B139: CONTINENTAL SP | C139: 36019 | D139: 463398780 | E139: 400 | F139: PARAFUSO ESPECIAL M6X46 | G139: 0 | H139: =+G139/E139 -> 0 | I139: =I131 -> 46120 | J139: =TODAY() -> 46118
A140: TURBO | B140: CONTINENTAL SP | C140: 36019 | D140: 552822620 | E140: 800 | F140: PARAFUSO FIXACAO BOMBA DE AGUA | G140: 0 | H140: =+G140/E140 -> 0 | I140: =I132 -> 46120 | J140: =TODAY() -> 46118
A141: TURBO | B141: CONTINENTAL SP | C141: 36019 | D141: 463473640 | E141: 500 | F141: PARAFUSO FIXACAO COLETOR | G141: 0 | H141: =+G141/E141 -> 0 | I141: =I133 -> 46120 | J141: =TODAY() -> 46118
A142: TURBO | B142: CONTINENTAL SP | C142: 36019 | D142: 552831540 | E142: 400 | F142: PARAFUSO FIXACAO M6 X 40 | G142: 0 | H142: =+G142/E142 -> 0 | I142: =I134 -> 46120 | J142: =TODAY() -> 46118
A143: TURBO | B143: CONTINENTAL SP | C143: 36019 | D143: 187517280 | E143: 400 | F143: PARAFUSO M6 X 37.5 | G143: 0 | H143: =+G143/E143 -> 0 | I143: =I135 -> 46120 | J143: =TODAY() -> 46118
A144: TURBO | B144: CONTINENTAL SP | C144: 36019 | D144: 552822460 | E144: 650 | F144: PARAFUSO M6X14 | G144: 0 | H144: =+G144/E144 -> 0 | I144: =I136 -> 46120 | J144: =TODAY() -> 46118
A145: TURBO | B145: CONTINENTAL SP | C145: 36019 | D145: 552821610 | E145: 150 | F145: PARAFUSO M8 X 80 | G145: 0 | H145: =+G145/E145 -> 0 | I145: =I137 -> 46120 | J145: =TODAY() -> 46118
A146: TURBO | B146: CONTINENTAL SP | C146: 36019 | D146: 552842370 | E146: 400 | F146: PARAFUSO TE FLANGEADO M6X30 | G146: 0 | H146: =+G146/E146 -> 0 | I146: =I138 -> 46120 | J146: =TODAY() -> 46118
A147: TURBO | B147: CONTINENTAL SP | C147: 36019 | D147: 552821600 | E147: 300 | F147: PARAFUSO TE FLANGEADO M8X40 | G147: 0 | H147: =+G147/E147 -> 0 | I147: =I139 -> 46120 | J147: =TODAY() -> 46118
A148: TURBO | B148: CONTINENTAL SP | C148: 36019 | D148: 463532640 | E148: 1100 | F148: TAMPAO CONICO M10 | G148: 0 | H148: =+G148/E148 -> 0 | I148: =I140 -> 46120 | J148: =TODAY() -> 46118
A149: TURBO | B149: CONTINENTAL SP | C149: 36019 | D149: 463532650 | E149: 800 | F149: TAMPAO OBTURADOR | G149: 0 | H149: =+G149/E149 -> 0 | I149: =I141 -> 46120 | J149: =TODAY() -> 46118
A150: TURBO | B150: MAHLE METAL LEVE S.A | C150: 51658 | D150: 463485610 | E150: 600 | F150: BRONZINA DE BIELA STD. A | G150: 0 | H150: =+G150/E150 -> 0 | I150: =I122 -> 46120 | J150: =TODAY() -> 46118
A151: TURBO | B151: MAHLE METAL LEVE S.A | C151: 51658 | D151: 463485620 | E151: 600 | F151: BRONZINA DE BIELA STD. B | G151: 0 | H151: =+G151/E151 -> 0 | I151: =I123 -> 46120 | J151: =TODAY() -> 46118
A152: TURBO | B152: MAHLE METAL LEVE S.A | C152: 51658 | D152: 463485630 | E152: 600 | F152: BRONZINA DE BIELA STD. C | G152: 0 | H152: =+G152/E152 -> 0 | I152: =I124 -> 46120 | J152: =TODAY() -> 46118
A153: TURBO | B153: MAHLE METAL LEVE S.A | C153: 51658 | D153: 463485640 | E153: 600 | F153: BRONZINA DE BIELA SUPERIOR STD | G153: 0 | H153: =+G153/E153 -> 0 | I153: =I125 -> 46120 | J153: =TODAY() -> 46118
A154: TURBO | B154: MAHLE METAL LEVE S.A | C154: 51658 | D154: 463485650 | E154: 600 | F154: BRONZINA DE BIELA SUPERIOR STD | G154: 0 | H154: =+G154/E154 -> 0 | I154: =I126 -> 46120 | J154: =TODAY() -> 46118
A155: TURBO | B155: MAHLE METAL LEVE S.A | C155: 51658 | D155: 463485660 | E155: 600 | F155: BRONZINA DE BIELA SUPERIOR STD | G155: 0 | H155: =+G155/E155 -> 0 | I155: =I127 -> 46120 | J155: =TODAY() -> 46118
A156: TURBO | B156: MAHLE METAL LEVE S.A | C156: 51658 | D156: 463485380 | E156: 400 | F156: BRONZINA INFERIOR STD. A | G156: 0 | H156: =+G156/E156 -> 0 | I156: =I129 -> 46120 | J156: =TODAY() -> 46118
A157: TURBO | B157: MAHLE METAL LEVE S.A | C157: 51658 | D157: 463485390 | E157: 400 | F157: BRONZINA INFERIOR STD. B | G157: 0 | H157: =+G157/E157 -> 0 | I157: =I130 -> 46120 | J157: =TODAY() -> 46118
A158: TURBO | B158: MAHLE METAL LEVE S.A | C158: 51658 | D158: 463485400 | E158: 400 | F158: BRONZINA INFERIOR STD. C | G158: 0 | H158: =+G158/E158 -> 0 | I158: =I149 -> 46120 | J158: =TODAY() -> 46118
A159: TURBO | B159: MAHLE METAL LEVE S.A | C159: 51658 | D159: 463485440 | E159: 400 | F159: BRONZINA SUPERIOR STD. A | G159: 0 | H159: =+G159/E159 -> 0 | I159: =I151 -> 46120 | J159: =TODAY() -> 46118
A160: TURBO | B160: MAHLE METAL LEVE S.A | C160: 51658 | D160: 463485450 | E160: 400 | F160: BRONZINA SUPERIOR STD. B | G160: 0 | H160: =+G160/E160 -> 0 | I160: =I152 -> 46120 | J160: =TODAY() -> 46118
A161: TURBO | B161: MAHLE METAL LEVE S.A | C161: 51658 | D161: 463485460 | E161: 400 | F161: BRONZINA SUPERIOR STD. C | G161: 0 | H161: =+G161/E161 -> 0 | I161: =I153 -> 46120 | J161: =TODAY() -> 46118
A162: TURBO | B162: MAHLE METAL LEVE S.A | C162: 51658 | D162: 463563890 | E162: 400 | F162: BRONZINA SUPERIOR STD. C | G162: 0 | H162: =+G162/E162 -> 0 | I162: =I154 -> 46120 | J162: =TODAY() -> 46118
A163: TURBO | B163: MAHLE METAL LEVE S.A | C163: 51658 | D163: 463563900 | E163: 400 | F163: BRONZINA SUPERIOR STD. C | G163: 0 | H163: =+G163/E163 -> 0 | I163: =I155 -> 46120 | J163: =TODAY() -> 46118
A164: TURBO | B164: MAHLE METAL LEVE S.A | C164: 51658 | D164: 463563910 | E164: 400 | F164: BRONZINA SUPERIOR STD. C | G164: 0 | H164: =+G164/E164 -> 0 | I164: =I156 -> 46120 | J164: =TODAY() -> 46118
A165: TURBO | B165: MAHLE METAL LEVE S.A | C165: 51658 | D165: 463563950 | E165: 400 | F165: BRONZINA SUPERIOR STD. C | G165: 0 | H165: =+G165/E165 -> 0 | I165: =I157 -> 46120 | J165: =TODAY() -> 46118
A166: TURBO | B166: MAHLE METAL LEVE S.A | C166: 51658 | D166: 463563960 | E166: 400 | F166: BRONZINA SUPERIOR STD. C | G166: 0 | H166: =+G166/E166 -> 0 | I166: =I158 -> 46120 | J166: =TODAY() -> 46118
A167: TURBO | B167: MAHLE METAL LEVE S.A | C167: 51658 | D167: 463563970 | E167: 400 | F167: BRONZINA SUPERIOR STD. C | G167: 0 | H167: =+G167/E167 -> 0 | I167: =I159 -> 46120 | J167: =TODAY() -> 46118
A168: TURBO | B168: MAHLE METAL LEVE S.A | C168: 51620 | D168: 463485280 | E168: 840 | F168: PISTAO COMPL. CLASSE A | G168: 0 | H168: =+G168/E168 -> 0 | I168: =I160 -> 46120 | J168: =TODAY() -> 46118
A169: TURBO | B169: MAHLE METAL LEVE S.A | C169: 51620 | D169: 463485300 | E169: 840 | F169: PISTAO COMPL. CLASSE B | G169: 0 | H169: =+G169/E169 -> 0 | I169: =I161 -> 46120 | J169: =TODAY() -> 46118
A170: TURBO | B170: MAHLE METAL LEVE S.A | C170: 51620 | D170: 463485320 | E170: 840 | F170: PISTAO COMPL. CLASSE C | G170: 0 | H170: =+G170/E170 -> 0 | I170: =I162 -> 46120 | J170: =TODAY() -> 46118
... A191: TURBO | B191: ELRING KLINGER SP | C191: 31610 | D191: 463572040 | E191: 600 | F191: JUNTA CABECOTE MOTOR T4 | G191: 0 | H191: =+G191/E191 -> 0 | I191: =I183 -> 46120 | J191: =TODAY() -> 46118
A192: TURBO | B192: ELRING KLINGER SP | C192: 31610 | D192: 463595330 | E192: 600 | F192: JUNTA DA FLANGE COLETOR DESCARGA T4 | G192: 0 | H192: =+G192/E192 -> 0 | I192: =I191 -> 46120 | J192: 45868
A193: TURBO | B193: MUBEA DO BRASIL LTDA | C193: 50111 | D193: 552833910 | E193: 9000 | F193: MOLA PARA VALVULA | G193: 0 | H193: 0 | I193: =I192 -> 46120 | J193: 45868
A194: TURBO | B194: OMR - COMPONENTES AUTOMOTIVOS | C194: 56589 | D194: 463384907 | E194: 30 | F194: BLOCO MOTOR INFERIOR (BEDPLATE | G194: 600 | H194: =+G194/E194 -> 20 | I194: =I184 -> 46120 | J194: =TODAY() -> 46118
A195: TURBO | B195: OMR - COMPONENTES AUTOMOTIVOS | C195: 56589 | D195: 463384997 | E195: 30 | F195: BLOCO MOTOR INFERIOR T4 (BEDPL | G195: 600 | H195: =+G195/E195 -> 20 | I195: =I185 -> 46120 | J195: =TODAY() -> 46118
A196: TURBO | B196: METALKRAFT S/A SISTEMAS AUTOM | C196: 50050 | D196: 463529270 | E196: 432 | F196: CAPA MANCAL POSTERIOR DO CABEC | G196: 0 | H196: =+G196/E196 -> 0 | I196: =I186 -> 46120 | J196: =TODAY() -> 46118
A197: TURBO | B197: NEUMAYER TEKFOR AUTOMOTIVE BR | C197: 30467 | D197: 552806540 | E197: 1200 | F197: PORCA | G197: 0 | H197: =+G197/E197 -> 0 | I197: =I187 -> 46120 | J197: =TODAY() -> 46118
A198: TURBO | B198: NEUMAYER TEKFOR AUTOMOTIVE BR | C198: 30467 | D198: 463389730 | E198: 400 | F198: PRISIONEIRO | G198: 0 | H198: =+G198/E198 -> 0 | I198: =I188 -> 46120 | J198: =TODAY() -> 46118
A199: TURBO | B199: NEUMAYER TEKFOR AUTOMOTIVE BR | C199: 30467 | D199: 463532630 | E199: 250 | F199: TAMPAO CONICO | G199: 0 | H199: =+G199/E199 -> 0 | I199: =I189 -> 46120 | J199: =TODAY() -> 46118
A200: TURBO | B200: NEUMAYER TEKFOR AUTOMOTIVE BR | C200: 30467 | D200: 552821810 | E200: 350 | F200: TAMPAO CONICO M18 | G200: 0 | H200: =+G200/E200 -> 0 | I200: =I190 -> 46120 | J200: =TODAY() -> 46118
A201: TURBO | B201: METALAC SP | C201: 5934 | D201: 463384870 | E201: 1000 | F201: PARAFUSO ESPECIAL M6 | G201: 0 | H201: =+G201/E201 -> 0 | I201: =I191 -> 46120 | J201: =TODAY() -> 46118
A202: TURBO | B202: METALAC SP | C202: 5934 | D202: 463516230 | E202: 80 | F202: PARAFUSO M10 X 1.5 FIX.CABECOTE/BLOCO | G202: 0 | H202: =+G202/E202 -> 0 | I202: =I194 -> 46120 | J202: =TODAY() -> 46118
A203: TURBO | B203: METALAC SP | C203: 5934 | D203: 552841160 | E203: 1000 | F203: PARAFUSO DE FIXACAO - M6 X 28 | G203: 0 | H203: =+G203/E203 -> 0 | I203: =I195 -> 46120 | J203: =TODAY() -> 46118
A204: TURBO | B204: ACUMENT BRASIL SISTEMAS DE FI | C204: 19414 | D204: 463532640 | E204: 1100 | F204: TAMPAO CONICO M10 | G204: 0 | H204: =+G204/E204 -> 0 | I204: =I196 -> 46120 | J204: =TODAY() -> 46118
A205: TURBO | B205: ACUMENT BRASIL SISTEMAS DE FI | C205: 19414 | D205: 463532650 | E205: 800 | F205: TAMPAO OBTURADOR | G205: 0 | H205: =+G205/E205 -> 0 | I205: =I197 -> 46120 | J205: =TODAY() -> 46118
A206: TURBO | B206: ACUMENT BRASIL SISTEMAS DE FI | C206: 19414 | D206: 162970240 | E206: 500 | F206: PARAFUSO TE FLANGEADO M6 X 18M | G206: 0 | H206: =+G206/E206 -> 0 | I206: =I198 -> 46120 | J206: =TODAY() -> 46118
...

Sheet 16-02 SEG
A1: FIRE
A2: Saturação de Transporte
A3: PEDIDO | B3: FORNECEDOR | C3: CÓDIGO (IMS) | D3: DESENHO FIAT | E3: QME | F3: DENOMINAÇÃO | G3: QUANTIDADE SOLICITADA | H3: QUANTIDADE EMBALAGENS | I3: DATA DA COLETA | J3: DATA DA SOLICITAÇÃO | K3: HORÁRIO DA COLETA
A4: FIRE | B4: ALPINO SP | C4: 20419 | D4: 552540860 | E4: 525 | F4: TUBO RÍGIDO BOMBA D'AGUA | G4: 0 | H4: =+G4/E4 -> 0 | I4: 46069 | J4: 46066
A5: FIRE | B5: AUTOCAM -SP | C5: 19271 | D5: 552331860 | E5: 13800 | F5: TUCHO COMANDO DE VÁLVULAS | G5: 0 | H5: =+G5/E5 -> 0 | I5: 46069 | J5: 46066
A6: FIRE | B6: ALUDYNE - MG | C6: 29509 | D6: 552174870 | E6: 80 | F6: TAMPA DE VÁLVULA | G6: 0 | H6: =+G6/E6 -> 0 | I6: 46069 | J6: 46066
A7: FIRE | B7: ALUDYNE - SP | C7: 67200 | D7: 552322380 | E7: 1200 | F7: CONJUNTO MANCAIS CABEÇOTE | G7: 0 | H7: =+G7/E7 -> 0 | I7: 46069 | J7: 46066
A8: FIRE | B8: ALUDYNE - SP | C8: 67200 | D8: 552316530 | E8: 1200 | F8: CONJUNTO MANCAIS CABEÇOTE | G8: 0 | H8: =+G8/E8 -> 0 | I8: 46069 | J8: 46066
A9: FIRE | B9: ALUDYNE - SP | C9: 67200 | D9: 552654440 | E9: 420 | F9: CONJUNTO MANCAIS BLOCO | G9: 0 | H9: =+G9/E9 -> 0 | I9: 46069 | J9: 46066
A10: FIRE | B10: MUVIQ (PROPULSION/DAYCO) | C10: 47104 | D10: 551812300 | E10: 120 | F10: POLIA CONDUZIDA EIXO MOTOR | G10: 0 | H10: =+G10/E10 -> 0 | I10: 46069 | J10: 46066
A11: FIRE | B11: MUVIQ (PROPULSION/DAYCO) | C11: 47104 | D11: 551812330 | E11: 120 | F11: POLIA CONDUZIDA EIXO MOTOR - D | G11: 0 | H11: =+G11/E11 -> 0 | I11: 46069 | J11: 46066
A12: FIRE | B12: MUVIQ (PROPULSION/DAYCO) | C12: 47104 | D12: 551812350 | E12: 120 | F12: POLIA CONDUZIDA EIXO MOTOR - A | G12: 0 | H12: =+G12/E12 -> 0 | I12: 46069 | J12: 46066
A13: FIRE | B13: MUVIQ (PROPULSION/DAYCO) | C13: 47104 | D13: 551982470 | E13: 240 | F13: POLIA CONDUZIDA | G13: 0 | H13: =+G13/E13 -> 0 | I13: 46069 | J13: 46066
A14: FIRE | B14: LITENS - SP | C14: 47850 | D14: 552365200 | E14: 480 | F14: ROLAMENTO TENSOR CORREIA | G14: 0 | H14: =+G14/E14 -> 0 | I14: 46069 | J14: 46066
A15: FIRE | B15: LITENS - SP | C15: 47850 | D15: 552260560 | E15: 2000 | F15: ROLAMENTO TENSOR CORREIA | G15: 0 | H15: =+G15/E15 -> 0 | I15: 46069 | J15: 46066
... A184: TURBO | B184: MAHLE METAL LEVE S.A | C184: 15565 | D184: 463496640 | E184: 30 | F184: TAMPA CABECOTE MOTOR COMPLETA | G184: 0 | H184: =+G184/E184 -> 0 | I184: 46069 | J184: 46066
A185: TURBO | B185: ELRING KLINGER SP | C185: 31610 | D185: 463595330 | E185: 40 | F185: TAMPA DO CABEÇOTE T3 | G185: 0 | H185: 0 | I185: 46069 | J185: 46008
A186: TURBO | B186: ELRING KLINGER SP | C186: 31610 | D186: 552822380 | E186: 600 | F186: JUNTA METALOPLASTICA | G186: 0 | H186: =+G186/E186 -> 0 | I186: 46069 | J186: 46066
A187: TURBO | B187: ELRING KLINGER SP | C187: 31610 | D187: 463572030 | E187: 600 | F187: JUNTA CABECOTE MOTOR T3 | G187: 0 | H187: =+G187/E187 -> 0 | I187: 46069 | J187: 46066
A188: TURBO | B188: ELRING KLINGER SP | C188: 31610 | D188: 463572050 | E188: 600 | F188: JUNTA DA FLANGE COLETOR DESCARGA T3 | G188: 0 | H188: =+G188/E188 -> 0 | I188: 46069 | J188: 46066
A189: TURBO | B189: ELRING KLINGER SP | C189: 31610 | D189: 552823560 | E189: 600 | F189: JUNTA METALOPLASTICA T4 | G189: 0 | H189: =+G189/E189 -> 0 | I189: 46069 | J189: 46066
A190: TURBO | B190: ELRING KLINGER SP | C190: 31610 | D190: 463572040 | E190: 600 | F190: JUNTA CABECOTE MOTOR T4 | G190: 0 | H190: =+G190/E190 -> 0 | I190: 46069 | J190: 46066
A191: TURBO | B191: ELRING KLINGER SP | C191: 31610 | D191: 463595330 | E191: 600 | F191: JUNTA DA FLANGE COLETOR DESCARGA T4 | G191: 0 | H191: =+G191/E191 -> 0 | I191: 46069 | J191: 46066
A192: TURBO | B192: MUBEA DO BRASIL LTDA | C192: 50111 | D192: 552833910 | E192: 9000 | F192: MOLA PARA VALVULA | G192: 0 | H192: =+G192/E192 -> 0 | I192: 46069 | J192: 46066
A193: TURBO | B193: OMR - COMPONENTES AUTOMOTIVOS | C193: 56589 | D193: 463384907 | E193: 30 | F193: BLOCO MOTOR INFERIOR (BEDPLATE | G193: 900 | H193: =+G193/E193 -> 30 | I193: 46069 | J193: 46066
A194: TURBO | B194: OMR - COMPONENTES AUTOMOTIVOS | C194: 56589 | D194: 463384997 | E194: 30 | F194: BLOCO MOTOR INFERIOR T4 (BEDPL | G194: 600 | H194: =+G194/E194 -> 20 | I194: 46069 | J194: 46066
A195: TURBO | B195: METALKRAFT S/A SISTEMAS AUTOM | C195: 50050 | D195: 463529270 | E195: 432 | F195: CAPA MANCAL POSTERIOR DO CABEC | G195: 1296 | H195: =+G195/E195 -> 3 | I195: 46069 | J195: 46066
A196: TURBO | B196: NEUMAYER TEKFOR AUTOMOTIVE BR | C196: 30467 | D196: 552806540 | E196: 1200 | F196: PORCA | G196: 0 | H196: =+G196/E196 -> 0 | I196: 46069 | J196: 46066
A197: TURBO | B197: NEUMAYER TEKFOR AUTOMOTIVE BR | C197: 30467 | D197: 463389730 | E197: 400 | F197: PRISIONEIRO | G197: 0 | H197: =+G197/E197 -> 0 | I197: 46069 | J197: 46066
... A720: MECA | B720: OMR | C720: 56589 | D720: 463530718 | E720: 30 | F720: SUPORTE C513 GSE | G720: 0 | H720: =+G720/E720 -> 0 | I720: 46069 | J720: 46066

Sheet 17-02 TER
A1: FIRE
A2: Saturação de Transporte
A3: PEDIDO | B3: FORNECEDOR | C3: CÓDIGO (IMS) | D3: DESENHO FIAT | E3: QME | F3: DENOMINAÇÃO | G3: QUANTIDADE SOLICITADA | H3: QUANTIDADE EMBALAGENS | I3: DATA DA COLETA | J3: DATA DA SOLICITAÇÃO | K3: HORÁRIO DA COLETA
A4: FIRE | B4: ALPINO SP | C4: 20419 | D4: 552540860 | E4: 525 | F4: TUBO RÍGIDO BOMBA D'AGUA | G4: 0 | H4: =+G4/E4 -> 0 | I4: 46070 | J4: 46066
A5: FIRE | B5: AUTOCAM -SP | C5: 19271 | D5: 552331860 | E5: 13800 | F5: TUCHO COMANDO DE VÁLVULAS | G5: 0 | H5: =+G5/E5 -> 0 | I5: 46070 | J5: 46066
A6: FIRE | B6: ALUDYNE - MG | C6: 29509 | D6: 552174870 | E6: 80 | F6: TAMPA DE VÁLVULA | G6: 0 | H6: =+G6/E6 -> 0 | I6: 46070 | J6: 46066
A7: FIRE | B7: ALUDYNE - SP | C7: 67200 | D7: 552322380 | E7: 1200 | F7: CONJUNTO MANCAIS CABEÇOTE | G7: 0 | H7: =+G7/E7 -> 0 | I7: 46070 | J7: 46066
A8: FIRE | B8: ALUDYNE - SP | C8: 67200 | D8: 552316530 | E8: 1200 | F8: CONJUNTO MANCAIS CABEÇOTE | G8: 0 | H8: =+G8/E8 -> 0 | I8: 46070 | J8: 46066
A9: FIRE | B9: ALUDYNE - SP | C9: 67200 | D9: 552654440 | E9: 420 | F9: CONJUNTO MANCAIS BLOCO | G9: 0 | H9: =+G9/E9 -> 0 | I9: 46070 | J9: 46066
A10: FIRE | B10: MUVIQ (PROPULSION/DAYCO) | C10: 47104 | D10: 551812300 | E10: 120 | F10: POLIA CONDUZIDA EIXO MOTOR | G10: 0 | H10: =+G10/E10 -> 0 | I10: 46070 | J10: 46066
A11: FIRE | B11: MUVIQ (PROPULSION/DAYCO) | C11: 47104 | D11: 551812330 | E11: 120 | F11: POLIA CONDUZIDA EIXO MOTOR - D | G11: 0 | H11: =+G11/E11 -> 0 | I11: 46070 | J11: 46066
A12: FIRE | B12: MUVIQ (PROPULSION/DAYCO) | C12: 47104 | D12: 551812350 | E12: 120 | F12: POLIA CONDUZIDA EIXO MOTOR - A | G12: 0 | H12: =+G12/E12 -> 0 | I12: 46070 | J12: 46066
A13: FIRE | B13: MUVIQ (PROPULSION/DAYCO) | C13: 47104 | D13: 551982470 | E13: 240 | F13: POLIA CONDUZIDA | G13: 0 | H13: =+G13/E13 -> 0 | I13: 46070 | J13: 46066
A14: FIRE | B14: LITENS - SP | C14: 47850 | D14: 552365200 | E14: 480 | F14: ROLAMENTO TENSOR CORREIA | G14: 0 | H14: =+G14/E14 -> 0 | I14: 46070 | J14: 46066
A15: FIRE | B15: LITENS - SP | C15: 47850 | D15: 552260560 | E15: 2000 | F15: ROLAMENTO TENSOR CORREIA | G15: 0 | H15: =+G15/E15 -> 0 | I15: 46070 | J15: 46066
... A184: TURBO | B184: MAHLE METAL LEVE S.A | C184: 15565 | D184: 463496640 | E184: 30 | F184: TAMPA CABECOTE MOTOR COMPLETA | G184: 700 | H184: =+G184/E184 -> 23.333333 | I184: 46070 | J184: 46066
A185: TURBO | B185: ELRING KLINGER SP | C185: 31610 | D185: 463595330 | E185: 40 | F185: TAMPA DO CABEÇOTE T3 | G185: 0 | H185: 0 | I185: 46070 | J185: 46008
A186: TURBO | B186: ELRING KLINGER SP | C186: 31610 | D186: 552822380 | E186: 600 | F186: JUNTA METALOPLASTICA | G186: 0 | H186: =+G186/E186 -> 0 | I186: 46070 | J186: 46066
A187: TURBO | B187: ELRING KLINGER SP | C187: 31610 | D187: 463572030 | E187: 600 | F187: JUNTA CABECOTE MOTOR T3 | G187: 0 | H187: =+G187/E187 -> 0 | I187: 46070 | J187: 46066
A188: TURBO | B188: ELRING KLINGER SP | C188: 31610 | D188: 463572050 | E188: 600 | F188: JUNTA DA FLANGE COLETOR DESCARGA T3 | G188: 0 | H188: =+G188/E188 -> 0 | I188: 46070 | J188: 46066
A189: TURBO | B189: ELRING KLINGER SP | C189: 31610 | D189: 552823560 | E189: 600 | F189: JUNTA METALOPLASTICA T4 | G189: 0 | H189: =+G189/E189 -> 0 | I189: 46070 | J189: 46066
A190: TURBO | B190: ELRING KLINGER SP | C190: 31610 | D190: 463572040 | E190: 600 | F190: JUNTA CABECOTE MOTOR T4 | G190: 0 | H190: =+G190/E190 -> 0 | I190: 46070 | J190: 46066
A191: TURBO | B191: ELRING KLINGER SP | C191: 31610 | D191: 463595330 | E191: 600 | F191: JUNTA DA FLANGE COLETOR DESCARGA T4 | G191: 0 | H191: =+G191/E191 -> 0 | I191: 46070 | J191: 46066
A192: TURBO | B192: MUBEA DO BRASIL LTDA | C192: 50111 | D192: 552833910 | E192: 9000 | F192: MOLA PARA VALVULA | G192: 0 | H192: =+G192/E192 -> 0 | I192: 46070 | J192: 46066
A193: TURBO | B193: OMR - COMPONENTES AUTOMOTIVOS | C193: 56589 | D193: 463384907 | E193: 30 | F193: BLOCO MOTOR INFERIOR (BEDPLATE | G193: 600 | H193: =+G193/E193 -> 20 | I193: 46070 | J193: 46066
A194: TURBO | B194: OMR - COMPONENTES AUTOMOTIVOS | C194: 56589 | D194: 463384997 | E194: 30 | F194: BLOCO MOTOR INFERIOR T4 (BEDPL | G194: 600 | H194: =+G194/E194 -> 20 | I194: 46070 | J194: 46066
A195: TURBO | B195: METALKRAFT S/A SISTEMAS AUTOM | C195: 50050 | D195: 463529270 | E195: 432 | F195: CAPA MANCAL POSTERIOR DO CABEC | G195: 1728 | H195: =+G195/E195 -> 4 | I195: 46070 | J195: 46066
A196: TURBO | B196: NEUMAYER TEKFOR AUTOMOTIVE BR | C196: 30467 | D196: 552806540 | E196: 1200 | F196: PORCA | G196: 0 | H196: =+G196/E196 -> 0 | I196: 46070 | J196: 46066
A197: TURBO | B197: NEUMAYER TEKFOR AUTOMOTIVE BR | C197: 30467 | D197: 463389730 | E197: 400 | F197: PRISIONEIRO | G197: 0 | H197: =+G197/E197 -> 0 | I197: 46070 | J197: 46066
... A602: MECA | B602: AUTOCAM SJ | C602: 19271 | D602: 75810590 | E602: 900 | F602: ARRUELA (PRIMARIO) | G602: 0 | H602: =+G602/E602 -> 0 | I602: 46070 | J602: 46066
A603: MECA | B603: AUTOCAM SJ | C603: 19271 | D603: 465162750 | E603: 1620 | F603: ESPACADOR | G603: 1620 | H603: =+G603/E603 -> 1 | I603: 46070 | J603: 46066 | K603: Deixar no CDC 17:10h
A604: MECA | B604: AUTOCAM SJ | C604: 19271 | D604: 468147230 | E604: 1600 | F604: EIXO COMANDO EMBREAGEM | G604: 4800 | H604: =+G604/E604 -> 3 | I604: 46070 | J604: 46066 | K604: Deixar no CDC 17:10h
A605: MECA | B605: AUTOCAM SJ | C605: 19271 | D605: 552547090 | E605: 270 | F605: CONJUNTO ARVORE COMANDO COMPLE | G605: 0 | H605: =+G605/E605 -> 0 | I605: 46070 | J605: 46066
A606: MECA | B606: AUTOCAM SJ | C606: 19271 | D606: 552551360 | E606: 360 | F606: CONJUNTO ARVORE COMPLETA | G606: 0 | H606: =+G606/E606 -> 0 | I606: 46070 | J606: 46066
A607: MECA | B607: AUTOCAM SJ | C607: 19271 | D607: 735017020 | E607: 1440 | F607: EIXO MARCHA-RE | G607: 5760 | H607: =+G607/E607 -> 4 | I607: 46070 | J607: 46066 | K607: Deixar no CDC 17:10h
A608: MECA | B608: AUTOCAM SJ | C608: 19271 | D608: 552054650 | E608: 1440 | F608: PINO PORTA ENGRENAGEM SATELITE | G608: 2880 | H608: =+G608/E608 -> 2 | I608: 46070 | J608: 46066 | K608: Deixar no CDC 17:10h
A609: MECA | B609: AUTOCAM SJ | C609: 19271 | D609: 463409620 | E609: 360 | F609: CONJUNTO ARVORE COMPLETA | G609: 0 | H609: =+G609/E609 -> 0 | I609: 46070 | J609: 46066
A610: MECA | B610: AUTOCAM SJ | C610: 19271 | D610: 463409610 | E610: 360 | F610: CONJUNTO ARVORE COMPLETA COXINIZADA | G610: 5760 | H610: =+G610/E610 -> 16 | I610: 46070 | J610: 46066 | K610: Deixar no CDC 17:10h
A611: MECA | B611: AUTOMETAL | C611: 19807 | D611: 552594720 | E611: 900 | F611: GARFO COMANDO 1/2A VELOCIDADE | G611: 0 | H611: =+G611/E611 -> 0 | I611: 46070 | J611: 46066
A612: MECA | B612: AUTOMETAL | C612: 19807 | D612: 463602340 | E612: 900 | F612: GARFO COMANDO 3/4A VELOCIDADE | G612: 0 | H612: =+G612/E612 -> 0 | I612: 46070 | J612: 46066
A613: MECA | B613: AUTOMETAL | C613: 19807 | D613: 552594730 | E613: 900 | F613: GARFO COMANDO 1/2A VELOC. | G613: 0 | H613: =+G613/E613 -> 0 | I613: 46070 | J613: 46066
A614: MECA | B614: AUTOMETAL | C614: 19807 | D614: 463602350 | E614: 900 | F614: GARFO COMANDO 3/4 VELOC. | G614: 0 | H614: =+G614/E614 -> 0 | I614: 46070 | J614: 46066
A615: MECA | B615: CISER | C615: 27951 | D615: 76779780 | E615: 300 | F615: PARAFUSO T.E.FLANGEADO -M8/48M | G615: 0 | H615: =+G615/E615 -> 0 | I615: 46070 | J615: 46066
A616: MECA | B616: CISER | C616: 27951 | D616: 187538210 | E616: 180 | F616: PARAFUSO T.E.FLANGEADO M8 X 90 | G616: 0 | H616: =+G616/E616 -> 0 | I616: 46070 | J616: 46066
A617: MECA | B617: CISER | C617: 27951 | D617: 463436280 | E617: 600 | F617: PARAFUSO FIXACAO SUPORTE | G617: 0 | H617: =+G617/E617 -> 0 | I617: 46070 | J617: 46066
A618: MECA | B618: CONTINENTAL PARAFUSOS | C618: 36019 | D618: 160504340 | E618: 400 | F618: PARAFUSO TE M8X52 | G618: 0 | H618: =+G618/E618 -> 0 | I618: 46070 | J618: 46066
A619: MECA | B619: CONTINENTAL PARAFUSOS | C619: 36019 | D619: 468130270 | E619: 1200 | F619: PARAFUSO FLANGEADO M6X19 | G619: 0 | H619: =+G619/E619 -> 0 | I619: 46070 | J619: 46066
A620: MECA | B620: DIEHL | C620: 10429 | D620: 467670560 | E620: 1152 | F620: ANEL SINCRONIZADOR 3A/4A VEL. | G620: 0 | H620: =+G620/E620 -> 0 | I620: 46070 | J620: 46066
A621: MECA | B621: DIEHL | C621: 10429 | D621: 467689270 | E621: 1440 | F621: ANEL SINCRONIZADOR 5A VEL | G621: 0 | H621: =+G621/E621 -> 0 | I621: 46070 | J621: 46066
A622: MECA | B622: DIEHL | C622: 10429 | D622: 467761970 | E622: 1200 | F622: ANEL SINCRONIZADOR INTERNO 1a/ | G622: 0 | H622: =+G622/E622 -> 0 | I622: 46070 | J622: 46066
... A630: MECA | B630: GKN SINTER | C630: 21570 | D630: 552826500 | E630: 900 | F630: TRAVA DE SEGURANCA DA MARCHA RE | G630: 0 | H630: =+G630/E630 -> 0 | I630: 46070 | J630: 46066
A631: MECA | B631: GKN SINTER | C631: 21570 | D631: 552826470 | E631: 1500 | F631: BUCHA P/CENTRAGEM SUPORTE UNIÃO | G631: 7500 | H631: =+G631/E631 -> 5 | I631: 46070 | J631: 46066 | K631: Padrão Janela
A632: MECA | B632: GKN SINTER | C632: 21570 | D632: 552826490 | E632: 200 | F632: DISTANCIAL (RM) | G632: 3800 | H632: =+G632/E632 -> 19 | I632: 46070 | J632: 46066 | K632: Padrão Janela
A633: MECA | B633: GKN SINTER | C633: 21570 | D633: 552826480 | E633: 200 | F633: DISTANCIAL (PRIMARIO) | G633: 3200 | H633: =+G633/E633 -> 16 | I633: 46070 | J633: 46066 | K633: Padrão Janela
A634: MECA | B634: HASSMANN | C634: 40840 | D634: 187521210 | E634: 900 | F634: PARAFUSO M8X18 | G634: 0 | H634: =+G634/E634 -> 0 | I634: 46070 | J634: 46066
A635: MECA | B635: HASSMANN | C635: 40840 | D635: 187543240 | E635: 400 | F635: PARAFUSO TE FLANGEADO | G635: 0 | H635: =+G635/E635 -> 0 | I635: 46070 | J635: 46066
A636: MECA | B636: HASSMANN | C636: 40840 | D636: 187532210 | E636: 350 | F636: PARAFUSO M8X55 | G636: 0 | H636: =+G636/E636 -> 0 | I636: 46070 | J636: 46066
A637: MECA | B637: HASSMANN | C637: 40840 | D637: 109026210 | E637: 1500 | F637: PARAFUSO CABECA SEXTAVADA M6 X | G637: 0 | H637: =+G637/E637 -> 0 | I637: 46070 | J637: 46066
A638: MECA | B638: HASSMANN | C638: 40840 | D638: 162860210 | E638: 1750 | F638: PARAFUSO M6X16 | G638: 0 | H638: =+G638/E638 -> 0 | I638: 46070 | J638: 46066
A639: MECA | B639: HBA | C639: 23480 | D639: 43283640 | E639: 2000 | F639: JUNTA FLANGE TAMPA POST CX MUD | G639: 0 | H639: =+G639/E639 -> 0 | I639: 46070 | J639: 46066
A640: MECA | B640: HBA | C640: 23480 | D640: 75395980 | E640: 4000 | F640: ANEL RETENTOR MARCHA-RE | G640: 0 | H640: =+G640/E640 -> 0 | I640: 46070 | J640: 46066
A641: MECA | B641: HBA | C641: 23480 | D641: 144557800 | E641: 1000 | F641: GUARNIZ.TENUTA TOR. 1,78X72,75 | G641: 0 | H641: =+G641/E641 -> 0 | I641: 46070 | J641: 46066
A642: MECA | B642: HBA | C642: 23480 | D642: 500080480 | E642: 3000 | F642: GUARNICAO TOROIDAL VEDACAO | G642: 0 | H642: =+G642/E642 -> 0 | I642: 46070 | J642: 46066
A643: MECA | B643: IMAG | C643: 42998 | D643: 463545200 | E643: 600 | F643: ELEMENTO MAGNETICO FILTRO OLEO | G643: 0 | H643: =+G643/E643 -> 0 | I643: 46070 | J643: 46066
A644: MECA | B644: ITAESBRA | C644: 31775 | D644: 552597070 | E644: 900 | F644: ESPACADOR CAIXA CAMBIO | G644: 0 | H644: =+G644/E644 -> 0 | I644: 46070 | J644: 46066
A645: MECA | B645: LIPOS | C645: 10627 | D645: 77132900 | E645: 2500 | F645: PARAFUSO M6X20 FIX. CONTAQUILO | G645: 0 | H645: =+G645/E645 -> 0 | I645: 46070 | J645: 46066
... A647: MECA | B647: METALKRAFT | C647: 50050 | D647: 552807950 | E647: 360 | F647: ESPACADOR DE ALUMINIO | G647: 0 | H647: =+G647/E647 -> 0 | I647: 46070 | J647: 46066
A648: MECA | B648: METALKRAFT | C648: 50050 | D648: 552810000 | E648: 450 | F648: FLANGE DIFERENCIAL COMPLETA | G648: 3600 | H648: =+G648/E648 -> 8 | I648: 46070 | J648: 46066 | K648: 17:00h
A649: MECA | B649: METALKRAFT | C649: 50050 | D649: 552807960 | E649: 180 | F649: TAMPA CAIXA DE CAMBIO NP | G649: 0 | H649: =+G649/E649 -> 0 | I649: 46070 | J649: 46066
A650: MECA | B650: METALKRAFT | C650: 50050 | D650: 552512680 | E650: 1800 | F650: SUPORTE EM ALUMINIO P/FIX.COMA | G650: 3600 | H650: =+G650/E650 -> 2 | I650: 46070 | J650: 46066 | K650: 17:00h
A651: MECA | B651: METALKRAFT | C651: 50050 | D651: 552500530 | E651: 2400 | F651: SUPORTE EM ALUMINIO P/FIX.COMA | G651: 0 | H651: =+G651/E651 -> 0 | I651: 46070 | J651: 46066
A652: MECA | B652: METALKRAFT | C652: 50050 | D652: 552807970 | E652: 180 | F652: TAMPA CAIXA DE CAMBIO SHIFT | G652: 3600 | H652: =+G652/E652 -> 20 | I652: 46070 | J652: 46066 | K652: 17:00h
A653: MECA | B653: MIBA | C653: 51625 | D653: 463458000 | E653: 1800 | F653: CUBO 5A VELOCIDADE | G653: 0 | H653: =+G653/E653 -> 0 | I653: 46070 | J653: 46066
A654: MECA | B654: MIBA | C654: 51625 | D654: 463457980 | E654: 1600 | F654: CUBO 1A/2A VELOCIDADE | G654: 0 | H654: =+G654/E654 -> 0 | I654: 46070 | J654: 46066
A655: MECA | B655: MIBA | C655: 51625 | D655: 463457990 | E655: 1920 | F655: CUBO 3A/4A VELOCIDADE | G655: 0 | H655: =+G655/E655 -> 0 | I655: 46070 | J655: 46066
A656: MECA | B656: MUSASHI | C656: 13093 | D656: 552679890 | E656: 150 | F656: CONJ. CAIXA DIFERENCIAL | G656: 0 | H656: =+G656/E656 -> 0 | I656: 46070 | J656: 46066
A657: MECA | B657: NEUMAYER TEKFOR | C657: 30467 | D657: 552757120 | E657: 300 | F657: PORCA FIX.ENGR.5A VEL.SOBRE AR | G657: 0 | H657: =+G657/E657 -> 0 | I657: 46070 | J657: 46066
A658: MECA | B658: NEUMAYER TEKFOR | C658: 30467 | D658: 77894039 | E658: 2880 | F658: Engr. Satelite (C513) | G658: 0 | H658: =+G658/E658 -> 0 | I658: 46070 | J658: 46066
A659: MECA | B659: NEUMAYER TEKFOR | C659: 30467 | D659: 463458088 | E659: 1440 | F659: LUVA 3/4 | G659: 0 | H659: =+G659/E659 -> 0 | I659: 46070 | J659: 46066
A660: MECA | B660: PLASCAR | C660: 60644 | D660: 75742790 | E660: 400 | F660: DISTANCIADOR | G660: 0 | H660: =+G660/E660 -> 0 | I660: 46070 | J660: 46066
A661: MECA | B661: PLASCAR | C661: 60644 | D661: 464600430 | E661: 72 | F661: REPARO OLEO | G661: 0 | H661: =+G661/E661 -> 0 | I661: 46070 | J661: 46066
A662: MECA | B662: RCN | C662: 63192 | D662: 552044480 | E662: 45 | F662: GARFO COMANDO 5A VELOCIDADE | G662: 0 | H662: =+G662/E662 -> 0 | I662: 46070 | J662: 46066
A663: MECA | B663: RCN | C663: 63192 | D663: 552044490 | E663: 45 | F663: GARFO COMANDO 5A VELOCIDADE | G663: 0 | H663: =+G663/E663 -> 0 | I663: 46070 | J663: 46066
A664: MECA | B664: RIVETS | C664: 64641 | D664: 143253110 | E664: 350 | F664: BUJAO 22X1,5 CONICO | G664: 0 | H664: =+G664/E664 -> 0 | I664: 46070 | J664: 46066
... A720: MECA | B720: OMR | C720: 56589 | D720: 463530718 | E720: 30 | F720: SUPORTE C513 GSE | G720: 0 | H720: =+G720/E720 -> 0 | I720: 46070 | J720: 46066

Sheet 06-01-2026 Terça feira
A1: FIRE
A2: Saturação de Transporte
A3: PEDIDO | B3: FORNECEDOR | C3: CÓDIGO (IMS) | D3: DESENHO FIAT | E3: QME | F3: DENOMINAÇÃO | G3: QUANTIDADE SOLICITADA | H3: QUANTIDADE EMBALAGENS | I3: DATA DA COLETA | J3: DATA DA SOLICITAÇÃO | K3: HORÁRIO DA COLETA
A4: FIRE | B4: ALPINO SP | C4: 20419 | D4: 552540860 | E4: 525 | F4: TUBO RÍGIDO BOMBA D'AGUA | G4: 0 | H4: =+G4/E4 -> 0 | I4: =J4+1+4+1 -> 46124 | J4: =TODAY() -> 46118
A5: FIRE | B5: AUTOCAM -SP | C5: 19271 | D5: 552331860 | E5: 13800 | F5: TUCHO COMANDO DE VÁLVULAS | G5: 0 | H5: =+G5/E5 -> 0 | I5: =I4 -> 46124 | J5: =TODAY() -> 46118
A6: FIRE | B6: ALUDYNE - MG | C6: 29509 | D6: 552174870 | E6: 80 | F6: TAMPA DE VÁLVULA | G6: 0 | H6: =+G6/E6 -> 0 | I6: =I5 -> 46124 | J6: =TODAY() -> 46118
A7: FIRE | B7: ALUDYNE - SP | C7: 67200 | D7: 552322380 | E7: 1200 | F7: CONJUNTO MANCAIS CABEÇOTE | G7: 0 | H7: =+G7/E7 -> 0 | I7: =I6 -> 46124 | J7: =TODAY() -> 46118
A8: FIRE | B8: ALUDYNE - SP | C8: 67200 | D8: 552316530 | E8: 1200 | F8: CONJUNTO MANCAIS CABEÇOTE | G8: 0 | H8: =+G8/E8 -> 0 | I8: =I7 -> 46124 | J8: =TODAY() -> 46118
A9: FIRE | B9: ALUDYNE - SP | C9: 67200 | D9: 552654440 | E9: 420 | F9: CONJUNTO MANCAIS BLOCO | G9: 0 | H9: =+G9/E9 -> 0 | I9: =I8 -> 46124 | J9: =TODAY() -> 46118
A10: FIRE | B10: PROPULSION SOLUTIONS* | C10: 47104 | D10: 551812300 | E10: 120 | F10: POLIA CONDUZIDA EIXO MOTOR | G10: 0 | H10: =+G10/E10 -> 0 | I10: =I9 -> 46124 | J10: =TODAY() -> 46118
A11: FIRE | B11: PROPULSION SOLUTIONS* | C11: 47104 | D11: 551812330 | E11: 120 | F11: POLIA CONDUZIDA EIXO MOTOR - D | G11: 0 | H11: =+G11/E11 -> 0 | I11: =I10 -> 46124 | J11: =TODAY() -> 46118
A12: FIRE | B12: PROPULSION SOLUTIONS* | C12: 47104 | D12: 551812350 | E12: 120 | F12: POLIA CONDUZIDA EIXO MOTOR - A | G12: 0 | H12: =+G12/E12 -> 0 | I12: =I11 -> 46124 | J12: =TODAY() -> 46118
A13: FIRE | B13: PROPULSION SOLUTIONS* | C13: 47104 | D13: 551982470 | E13: 240 | F13: POLIA CONDUZIDA | G13: 0 | H13: =+G13/E13 -> 0 | I13: =I12 -> 46124 | J13: =TODAY() -> 46118
A14: FIRE | B14: LITENS - SP | C14: 47850 | D14: 552365200 | E14: 480 | F14: ROLAMENTO TENSOR CORREIA | G14: 0 | H14: =+G14/E14 -> 0 | I14: =I13 -> 46124 | J14: =TODAY() -> 46118
A15: FIRE | B15: LITENS - SP | C15: 47850 | D15: 552260560 | E15: 2000 | F15: ROLAMENTO TENSOR CORREIA | G15: 0 | H15: =+G15/E15 -> 0 | I15: =I14 -> 46124 | J15: =TODAY() -> 46118
A16: FIRE | B16: LITENS - SP | C16: 47850 | D16: 552002110 | E16: 480 | F16: ROLAMENTO TENSOR CORREIA | G16: 0 | H16: =+G16/E16 -> 0 | I16: =I15 -> 46124 | J16: =TODAY() -> 46118
... A103: TURBO | B103: APTIV MANUFATURA E SERVI. DE * | C103: 37866 | D103: 463564120 | E103: 60 | F103: CHICOTE DE INJECAO 281 T3 PL8 | G103: 0 | H103: =+G103/E103 -> 0 | I103: =I102 -> 46124 | J103: =TODAY() -> 46118
A104: TURBO | B104: APTIV MANUFATURA E SERVI. DE * | C104: 37866 | D104: 463577620 | E104: 60 | F104: CHICOTE DE INJECAO GSE T3 ACAC PL8 (CC21/CC22) | G104: 0 | H104: =+G104/E104 -> 0 | I104: =I96 -> 46124 | J104: =TODAY() -> 46118
A105: TURBO | B105: APTIV MANUFATURA E SERVI. DE * | C105: 37866 | D105: 463578580 | E105: 60 | F105: CHICOTE DE INJECAO T3 ACAC PL8 BSG (P21/P24) | G105: 0 | H105: =+G105/E105 -> 0 | I105: =I97 -> 46124 | J105: =TODAY() -> 46118
A106: TURBO | B106: APTIV MANUFATURA E SERVI. DE * | C106: 37866 | D106: 463576540 | E106: 60 | F106: CHICOTE DE INJECAO T4 376 PL8 | G106: 0 | H106: =+G106/E106 -> 0 | I106: =I98 -> 46124 | J106: =TODAY() -> 46118
A107: TURBO | B107: APTIV MANUFATURA E SERVI. DE * | C107: 37866 | D107: 463571180 | E107: 60 | F107: CHICOTE DE INJECAO T4 PL8 | G107: 0 | H107: =+G107/E107 -> 0 | I107: =I99 -> 46124 | J107: =TODAY() -> 46118
A108: TURBO | B108: CISER FIXADORES AUTOMOTIVOS S | C108: 27951 | D108: 463385060 | E108: 800 | F108: PARAFUSO BOMBA COMBUSTIVEL | G108: 0 | H108: =+G108/E108 -> 0 | I108: =I100 -> 46124 | J108: =TODAY() -> 46118
A109: TURBO | B109: CISER FIXADORES AUTOMOTIVOS S | C109: 27951 | D109: 552821660 | E109: 600 | F109: PARAFUSO DE FIXACAO - M6 X 18 | G109: 0 | H109: =+G109/E109 -> 0 | I109: =I101 -> 46124 | J109: =TODAY() -> 46118
A110: TURBO | B110: CISER FIXADORES AUTOMOTIVOS S | C110: 27951 | D110: 552822750 | E110: 300 | F110: PARAFUSO DE FIXACAO DA BOMBA D | G110: 0 | H110: =+G110/E110 -> 0 | I110: =I102 -> 46124 | J110: =TODAY() -> 46118
A111: TURBO | B111: CISER FIXADORES AUTOMOTIVOS S | C111: 27951 | D111: 552821670 | E111: 100 | F111: PARAFUSO ESPECIAL | G111: 0 | H111: =+G111/E111 -> 0 | I111: =I103 -> 46124 | J111: =TODAY() -> 46118
A112: TURBO | B112: CISER FIXADORES AUTOMOTIVOS S | C112: 27951 | D112: 552845970 | E112: 600 | F112: PARAFUSO ESPECIAL | G112: 0 | H112: =+G112/E112 -> 0 | I112: =I104 -> 46124 | J112: =TODAY() -> 46118
A113: TURBO | B113: CISER FIXADORES AUTOMOTIVOS S | C113: 27951 | D113: 552798810 | E113: 250 | F113: PARAFUSO ESPECIAL | G113: 0 | H113: =+G113/E113 -> 0 | I113: =I105 -> 46124 | J113: =TODAY() -> 46118
A114: TURBO | B114: CISER FIXADORES AUTOMOTIVOS S | C114: 27951 | D114: 552842340 | E114: 800 | F114: PARAFUSO ESPECIAL | G114: 0 | H114: =+G114/E114 -> 0 | I114: =I106 -> 46124 | J114: =TODAY() -> 46118
A115: TURBO | B115: CISER FIXADORES AUTOMOTIVOS S | C115: 27951 | D115: 552822630 | E115: 600 | F115: PARAFUSO ESPECIAL | G115: 0 | H115: =+G115/E115 -> 0 | I115: =I107 -> 46124 | J115: =TODAY() -> 46118
... A147: TURBO | B147: CONTINENTAL SP | C147: 36019 | D147: 463532650 | E147: 800 | F147: TAMPAO OBTURADOR | G147: 0 | H147: =+G147/E147 -> 0 | I147: =I139 -> 46124 | J147: =TODAY() -> 46118
A148: TURBO | B148: MAHLE METAL LEVE S.A | C148: 51658 | D148: 463485610 | E148: 600 | F148: BRONZINA DE BIELA STD. A | G148: 0 | H148: =+G148/E148 -> 0 | I148: =I121 -> 46124 | J148: =TODAY() -> 46118
A149: TURBO | B149: MAHLE METAL LEVE S.A | C149: 51658 | D149: 463485620 | E149: 600 | F149: BRONZINA DE BIELA STD. B | G149: 0 | H149: =+G149/E149 -> 0 | I149: =I122 -> 46124 | J149: =TODAY() -> 46118
A150: TURBO | B150: MAHLE METAL LEVE S.A | C150: 51658 | D150: 463485630 | E150: 600 | F150: BRONZINA DE BIELA STD. C | G150: 0 | H150: =+G150/E150 -> 0 | I150: =I123 -> 46124 | J150: =TODAY() -> 46118
A151: TURBO | B151: MAHLE METAL LEVE S.A | C151: 51658 | D151: 463485640 | E151: 600 | F151: BRONZINA DE BIELA SUPERIOR STD | G151: 0 | H151: =+G151/E151 -> 0 | I151: =I124 -> 46124 | J151: =TODAY() -> 46118
A152: TURBO | B152: MAHLE METAL LEVE S.A | C152: 51658 | D152: 463485650 | E152: 600 | F152: BRONZINA DE BIELA SUPERIOR STD | G152: 0 | H152: =+G152/E152 -> 0 | I152: =I125 -> 46124 | J152: =TODAY() -> 46118
A153: TURBO | B153: MAHLE METAL LEVE S.A | C153: 51658 | D153: 463485660 | E153: 600 | F153: BRONZINA DE BIELA SUPERIOR STD | G153: 0 | H153: =+G153/E153 -> 0 | I153: =I126 -> 46124 | J153: =TODAY() -> 46118
A154: TURBO | B154: MAHLE METAL LEVE S.A | C154: 51658 | D154: 463485380 | E154: 400 | F154: BRONZINA INFERIOR STD. A | G154: 0 | H154: =+G154/E154 -> 0 | I154: =I127 -> 46124 | J154: =TODAY() -> 46118
A155: TURBO | B155: MAHLE METAL LEVE S.A | C155: 51658 | D155: 463485390 | E155: 400 | F155: BRONZINA INFERIOR STD. B | G155: 0 | H155: =+G155/E155 -> 0 | I155: =I128 -> 46124 | J155: =TODAY() -> 46118
A156: TURBO | B156: MAHLE METAL LEVE S.A | C156: 51658 | D156: 463485400 | E156: 400 | F156: BRONZINA INFERIOR STD. C | G156: 0 | H156: =+G156/E156 -> 0 | I156: =I147 -> 46124 | J156: =TODAY() -> 46118
A157: TURBO | B157: MAHLE METAL LEVE S.A | C157: 51658 | D157: 463485440 | E157: 400 | F157: BRONZINA SUPERIOR STD. A | G157: 0 | H157: =+G157/E157 -> 0 | I157: =I149 -> 46124 | J157: =TODAY() -> 46118
A158: TURBO | B158: MAHLE METAL LEVE S.A | C158: 51658 | D158: 463485450 | E158: 400 | F158: BRONZINA SUPERIOR STD. B | G158: 0 | H158: =+G158/E158 -> 0 | I158: =I150 -> 46124 | J158: =TODAY() -> 46118
A159: TURBO | B159: MAHLE METAL LEVE S.A | C159: 51658 | D159: 463485460 | E159: 400 | F159: BRONZINA SUPERIOR STD. C | G159: 0 | H159: =+G159/E159 -> 0 | I159: =I151 -> 46124 | J159: =TODAY() -> 46118
A160: TURBO | B160: MAHLE METAL LEVE S.A | C160: 51658 | D160: 463563890 | E160: 400 | F160: BRONZINA SUPERIOR STD. C | G160: 0 | H160: =+G160/E160 -> 0 | I160: =I152 -> 46124 | J160: =TODAY() -> 46118
A161: TURBO | B161: MAHLE METAL LEVE S.A | C161: 51658 | D161: 463563900 | E161: 400 | F161: BRONZINA SUPERIOR STD. C | G161: 0 | H161: =+G161/E161 -> 0 | I161: =I153 -> 46124 | J161: =TODAY() -> 46118
A162: TURBO | B162: MAHLE METAL LEVE S.A | C162: 51658 | D162: 463563910 | E162: 400 | F162: BRONZINA SUPERIOR STD. C | G162: 0 | H162: =+G162/E162 -> 0 | I162: =I154 -> 46124 | J162: =TODAY() -> 46118
A163: TURBO | B163: MAHLE METAL LEVE S.A | C163: 51658 | D163: 463563950 | E163: 400 | F163: BRONZINA SUPERIOR STD. C | G163: 0 | H163: =+G163/E163 -> 0 | I163: =I155 -> 46124 | J163: =TODAY() -> 46118
A164: TURBO | B164: MAHLE METAL LEVE S.A | C164: 51658 | D164: 463563960 | E164: 400 | F164: BRONZINA SUPERIOR STD. C | G164: 0 | H164: =+G164/E164 -> 0 | I164: =I156 -> 46124 | J164: =TODAY() -> 46118
A165: TURBO | B165: MAHLE METAL LEVE S.A | C165: 51658 | D165: 463563970 | E165: 400 | F165: BRONZINA SUPERIOR STD. C | G165: 0 | H165: =+G165/E165 -> 0 | I165: =I157 -> 46124 | J165: =TODAY() -> 46118
A166: TURBO | B166: MAHLE METAL LEVE S.A | C166: 51620 | D166: 463485280 | E166: 840 | F166: PISTAO COMPL. CLASSE A | G166: 0 | H166: =+G166/E166 -> 0 | I166: =I158 -> 46124 | J166: =TODAY() -> 46118
A167: TURBO | B167: MAHLE METAL LEVE S.A | C167: 51620 | D167: 463485300 | E167: 840 | F167: PISTAO COMPL. CLASSE B | G167: 0 | H167: =+G167/E167 -> 0 | I167: =I159 -> 46124 | J167: =TODAY() -> 46118
A168: TURBO | B168: MAHLE METAL LEVE S.A | C168: 51620 | D168: 463485320 | E168: 840 | F168: PISTAO COMPL. CLASSE C | G168: 0 | H168: =+G168/E168 -> 0 | I168: =I160 -> 46124 | J168: =TODAY() -> 46118
... A189: TURBO | B189: ELRING KLINGER SP | C189: 31610 | D189: 463572040 | E189: 600 | F189: JUNTA CABECOTE MOTOR T4 | G189: 0 | H189: =+G189/E189 -> 0 | I189: =I181 -> 46124 | J189: =TODAY() -> 46118
A190: TURBO | B190: ELRING KLINGER SP | C190: 31610 | D190: 463595330 | E190: 600 | F190: JUNTA DA FLANGE COLETOR DESCARGA T4 | G190: 0 | H190: =+G190/E190 -> 0 | I190: =I189 -> 46124 | J190: 45868
A191: TURBO | B191: MUBEA DO BRASIL LTDA | C191: 50111 | D191: 552833910 | E191: 9000 | F191: MOLA PARA VALVULA | G191: 0 | H191: 0 | I191: =I190 -> 46124 | J191: 45868
A192: TURBO | B192: OMR - COMPONENTES AUTOMOTIVOS | C192: 56589 | D192: 463384907 | E192: 30 | F192: BLOCO MOTOR INFERIOR (BEDPLATE | G192: 900 | H192: =+G192/E192 -> 30 | I192: =I182 -> 46124 | J192: =TODAY() -> 46118
A193: TURBO | B193: OMR - COMPONENTES AUTOMOTIVOS | C193: 56589 | D193: 463384997 | E193: 30 | F193: BLOCO MOTOR INFERIOR T4 (BEDPL | G193: 900 | H193: =+G193/E193 -> 30 | I193: =I183 -> 46124 | J193: =TODAY() -> 46118
A194: TURBO | B194: METALKRAFT S/A SISTEMAS AUTOM | C194: 50050 | D194: 463529270 | E194: 432 | F194: CAPA MANCAL POSTERIOR DO CABEC | G194: 0 | H194: =+G194/E194 -> 0 | I194: =I184 -> 46124 | J194: =TODAY() -> 46118
A195: TURBO | B195: NEUMAYER TEKFOR AUTOMOTIVE BR | C195: 30467 | D195: 552806540 | E195: 1200 | F195: PORCA | G195: 0 | H195: =+G195/E195 -> 0 | I195: =I185 -> 46124 | J195: =TODAY() -> 46118
A196: TURBO | B196: NEUMAYER TEKFOR AUTOMOTIVE BR | C196: 30467 | D196: 463389730 | E196: 400 | F196: PRISIONEIRO | G196: 0 | H196: =+G196/E196 -> 0 | I196: =I186 -> 46124 | J196: =TODAY() -> 46118
A197: TURBO | B197: NEUMAYER TEKFOR AUTOMOTIVE BR | C197: 30467 | D197: 463532630 | E197: 250 | F197: TAMPAO CONICO | G197: 0 | H197: =+G197/E197 -> 0 | I197: =I187 -> 46124 | J197: =TODAY() -> 46118
A198: TURBO | B198: NEUMAYER TEKFOR AUTOMOTIVE BR | C198: 30467 | D198: 552821810 | E198: 350 | F198: TAMPAO CONICO M18 | G198: 0 | H198: =+G198/E198 -> 0 | I198: =I188 -> 46124 | J198: =TODAY() -> 46118
A199: TURBO | B199: METALAC SP | C199: 5934 | D199: 463384870 | E199: 1000 | F199: PARAFUSO ESPECIAL M6 | G199: 0 | H199: =+G199/E199 -> 0 | I199: =I189 -> 46124 | J199: =TODAY() -> 46118
A200: TURBO | B200: METALAC SP | C200: 5934 | D200: 463516230 | E200: 80 | F200: PARAFUSO M10 X 1.5 FIX.CABECOTE/BLOCO | G200: 0 | H200: =+G200/E200 -> 0 | I200: =I192 -> 46124 | J200: =TODAY() -> 46118
A201: TURBO | B201: METALAC SP | C201: 5934 | D201: 552841160 | E201: 1000 | F201: PARAFUSO DE FIXACAO - M6 X 28 | G201: 0 | H201: =+G201/E201 -> 0 | I201: =I193 -> 46124 | J201: =TODAY() -> 46118
A202: TURBO | B202: ACUMENT BRASIL SISTEMAS DE FI | C202: 19414 | D202: 463532640 | E202: 1100 | F202: TAMPAO CONICO M10 | G202: 0 | H202: =+G202/E202 -> 0 | I202: =I194 -> 46124 | J202: =TODAY() -> 46118
A203: TURBO | B203: ACUMENT BRASIL SISTEMAS DE FI | C203: 19414 | D203: 463532650 | E203: 800 | F203: TAMPAO OBTURADOR | G203: 0 | H203: =+G203/E203 -> 0 | I203: =I195 -> 46124 | J203: =TODAY() -> 46118
A204: TURBO | B204: ACUMENT BRASIL SISTEMAS DE FI | C204: 19414 | D204: 162970240 | E204: 500 | F204: PARAFUSO TE FLANGEADO M6 X 18M | G204: 0 | H204: =+G204/E204 -> 0 | I204: =I196 -> 46124 | J204: =TODAY() -> 46118
A205: TURBO | B205: TEKSID DO BRASIL LTDA | C205: 1020 | D205: 463379748 | E205: 18 | F205: BLOCO MOTOR SEMI-USINADO T3 | G205: 0 | H205: =+G205/E205 -> 0 | I205: =I197 -> 46124 | J205: =TODAY() -> 46118
A206: TURBO | B206: TEKSID DO BRASIL LTDA | C206: 1020 | D206: 463379778 | E206: 18 | F206: BLOCO MOTOR SEMI-USINADO T4 | G206: 0 | H206: =+G206/E206 -> 0 | I206: =I198 -> 46124 | J206: =TODAY() -> 46118
A207: TURBO | B207: NEMAK | C207: 1073 | D207: 463576288 | E207: 27 | F207: BLOCO MOTOR INFERIOR T3 | G207: 0 | H207: =+G207/E207 -> 0 | I207: =I206 -> 46124 | J207: =TODAY() -> 46118
A208: TURBO | B208: NEMAK | C208: 1073 | D208: 463576277 | E208: 36 | F208: CABECOTE MOTOR INFERIOR T3 | G208: 0 | H208: =+G208/E208 -> 0 | I208: =I207 -> 46124 | J208: =TODAY() -> 46118
A209: TURBO | B209: TEKSID DO BRASIL LTDA | C209: 1020 | D209: 463384927 | E209: 32 | F209: CABECOTE MOTOR INF.SEMI T3 | G209: 640 | H209: =+G209/E209 -> 20 | I209: =I208 -> 46124 | J209: =TODAY() -> 46118
A210: TURBO | B210: TEKSID DO BRASIL LTDA | C210: 1020 | D210: 463489077 | E210: 32 | F210: CABECOTE MOTOR INF.SEMI-USIN T | G210: 640 | H210: =+G210/E210 -> 20 | I210: =I209 -> 46124 | J210: =TODAY() -> 46118
A211: TURBO | B211: FEEDER INDUSTRIAL LTDA | C211: 11431 | D211: 463526240 | E211: 800 | F211: TAMPA COM VARETA | G211: 0 | H211: =+G211/E211 -> 0 | I211: =I210 -> 46124 | J211: =TODAY() -> 46118
A212: TURBO | B212: FEEDER INDUSTRIAL LTDA | C212: 11431 | D212: 463496660 | E212: 800 | F212: TAMPA COM VARETA | G212: 0 | H212: =+G212/E212 -> 0 | I212: =I211 -> 46124 | J212: =TODAY() -> 46118
A213: TURBO | B213: FEEDER INDUSTRIAL LTDA | C213: 11431 | D213: 463492670 | E213: 800 | F213: TAMPA COM VARETA | G213: 0 | H213: =+G213/E213 -> 0 | I213: =I212 -> 46124 | J213: =TODAY() -> 46118
A214: TURBO | B214: BORGWARNER BRASIL LTDA | C214: 14928 | D214: 463556950 | E214: 40 | F214: TURBO COMPRESSOR 281 | G214: 0 | H214: =+G214/E214 -> 0 | I214: =I213 -> 46124 | J214: =TODAY() -> 46118
A215: TURBO | B215: BORGWARNER BRASIL LTDA | C215: 14928 | D215: 463526220 | E215: 40 | F215: TURBO COMPRESSOR PSA | G215: 0 | H215: =+G215/E215 -> 0 | I215: =I214 -> 46124 | J215: =TODAY() -> 46118
A216: TURBO | B216: BORGWARNER BRASIL LTDA | C216: 14928 | D216: 463496630 | E216: 40 | F216: TURBO COMPRESSOR T3 | G216: 0 | H216: =+G216/E216 -> 0 | I216: =I215 -> 46124 | J216: =TODAY() -> 46118
A217: TURBO | B217: BORGWARNER BRASIL LTDA | C217: 14928 | D217: 463358702 | E217: 100 | F217: KIT CORRENTE 463358700/702 | G217: 0 | H217: =+G217/E217 -> 0 | I217: =I216 -> 46124 | J217: =TODAY() -> 46118
A218: TURBO | B218: BORGWARNER BRASIL LTDA | C218: 14928 | D218: 463564010 | E218: 100 | F218: CONJUNTO CORRENTE DO SISTEMA | G218: 0 | H218: =+G218/E218 -> 0 | I218: =I217 -> 46124 | J218: =TODAY() -> 46118
... A370: FIRE | B370: CONTINENTAL SP | C370: 36019 | D370: 552589360 | E370: 230 | F370: PARAFUSO ESPECIAL | G370: 0 | H370: =+G370/E370 -> 0 | I370: =I369 -> 46124 | J370: =TODAY() -> 46118
A371: FIREFLY | B371: A. RAYMOND | C371: 30464 | D371: 76272340 | E371: 400 | F371: ABRACADEIRA FIX.TUBO DIAM. 14. - de acordo programa | G371: 0 | H371: =G371/E371 -> 0 | I371: =I370 -> 46124 | J371: =TODAY() -> 46118
A372: FIREFLY | B372: A. RAYMOND | C372: 30464 | D372: 463444260 | E372: 200 | F372: CONECTOR | G372: 0 | H372: =G372/E372 -> 0 | I372: =I371 -> 46124 | J372: =TODAY() -> 46118
A373: FIREFLY | B373: ACUMENT BRASIL | C373: 19414 | D373: 552679400 | E373: 1500 | F373: DISCO SUPERIOR MOLA VALVULA | G373: 0 | H373: =G373/E373 -> 0 | I373: =I372 -> 46124 | J373: =TODAY() -> 46118
A374: FIREFLY | B374: ACUMENT BRASIL | C374: 19414 | D374: 463584330 | E374: 1500 | F374: DISCO SUPERIOR MOLA VALVULA | G374: 0 | H374: =G374/E374 -> 0 | I374: =I373 -> 46124 | J374: =TODAY() -> 46118
A375: FIREFLY | B375: ACUMENT BRASIL | C375: 19414 | D375: 552709810 | E375: 100 | F375: PARAFUSO ESPECIAL M10 X 1.5 FIXAÇÃO BED PLATE AO BLOCO (USINAGEM) | G375: 10000 | H375: =G375/E375 -> 100 | I375: =I373 -> 46124 | J375: =TODAY() -> 46118
A376: FIREFLY | B376: ACUMENT BRASIL | C376: 19414 | D376: 552679990 | E376: 600 | F376: PARAFUSO ESPECIAL FIXAÇÃO BOBINA DE IGNIÇÃO | G376: 0 | H376: =G376/E376 -> 0 | I376: =I375 -> 46124 | J376: =TODAY() -> 46118
A377: FIREFLY | B377: ACUMENT BRASIL | C377: 19414 | D377: 552819860 | E377: 50 | F377: PARAFUSO ESPECIAL M10 X 1.5 FIXAÇÃO CABEÇOTE AO BLOCO (utiliza no indireto) | G377: 0 | H377: =G377/E377 -> 0 | I377: =I376 -> 46124 | J377: =TODAY() -> 46118
A378: FIREFLY | B378: ACUMENT BRASIL | C378: 19414 | D378: 552584580 | E378: 600 | F378: PARAFUSO ESPECIAL M8 X 1.25 (Fixação do Volante) (Firefly + Fire) | G378: 0 | H378: =G378/E378 -> 0 | I378: =I377 -> 46124 | J378: =TODAY() -> 46118
A379: FIREFLY | B379: ACUMENT BRASIL | C379: 19414 | D379: 552691000 | E379: 800 | F379: BUJAO CONICO FILETADO 18 X 1,5 (USINAGEM) | G379: 0 | H379: =G379/E379 -> 0 | I379: =I378 -> 46124 | J379: =TODAY() -> 46118
A380: FIREFLY | B380: ACUMENT BRASIL | C380: 19414 | D380: 187529240 | E380: 400 | F380: PARAFUSO FLANG.NORM. MONTAG (USINAGEM Bloc.) Nacionalização | G380: 0 | H380: =G380/E380 -> 0 | I380: =I379 -> 46124 | J380: =TODAY() -> 46118
A381: FIREFLY | B381: ACUMENT BRASIL | C381: 19414 | D381: 552836160 | E381: 800 | F381: PARAFUSO M6 X 40 FIXAÇÃO DO FRONT COVER AO BLOCO / BED / CABEÇOTE | G381: 0 | H381: =G381/E381 -> 0 | I381: =I380 -> 46124 | J381: =TODAY() -> 46118
A382: FIREFLY | B382: ACUMENT BRASIL | C382: 19414 | D382: 187505240 | E382: 1000 | F382: FIXAÇÃO DA BOMBA D'AGUA | G382: 0 | H382: =G382/E382 -> 0 | I382: =I381 -> 46124 | J382: =TODAY() -> 46118
A383: FIREFLY | B383: ACUMENT BRASIL | C383: 19414 | D383: 187517240 | E383: 1200 | F383: FIXAÇÃO DO CARTER TT | G383: 0 | H383: =G383/E383 -> 0 | I383: =I382 -> 46124 | J383: =TODAY() -> 46118
A384: FIREFLY | B384: ACUMENT BRASIL | C384: 19414 | D384: 463479880 | E384: 1000 | F384: PARAFUSO ESPECIAL | G384: 0 | H384: =G384/E384 -> 0 | I384: =I383 -> 46124 | J384: =TODAY() -> 46118
A385: FIREFLY | B385: ALPINO | C385: 20419 | D385: 552681860 | E385: 560 | F385: TUBO PESCADOR DE OLEO | G385: 1120 | H385: =G385/E385 -> 2 | I385: =I384 -> 46124 | J385: =TODAY() -> 46118
A386: FIREFLY | B386: ALPINO | C386: 20419 | D386: 552678480 | E386: 800 | F386: TUBO PESCADOR DE OLEO | G386: 800 | H386: =G386/E386 -> 1 | I386: =I385 -> 46124 | J386: =TODAY() -> 46118
A387: FIREFLY | B387: BONTAZ | C387: 32059 | D387: 552677450 | E387: 4500 | F387: PULVERIZADOR | G387: 9000 | H387: =G387/E387 -> 2 | I387: =I386 -> 46124 | J387: =TODAY() -> 46118
... A399: FIREFLY | B399: CONTINENTAL PARAFUSOS | C399: 36019 | D399: 552677410 | E399: 200 | F399: PARAFUSO ESPECIAL M8 X 80 TORX T45 FIXAÇÃO DO BED PLATE AO BLOCO | G399: 0 | H399: =G399/E399 -> 0 | I399: =I398 -> 46124 | J399: =TODAY() -> 46118
...
